seg_gpx_rel;tiempo_gpx_rel;desfase_s;seg_video;tiempo_video;punto_gpx;latitud;longitud;elevacion;hora_gpx;imagen
26;00:00:26;-1;25;00:00:25;27;-32.9965183333333;-68.6594633333333;683.8;2026-07-13T19:47:47Z;frames/frame_000025.jpg
27;00:00:27;-1;26;00:00:26;28;-32.9965716666667;-68.65941;683.6;2026-07-13T19:47:48Z;frames/frame_000026.jpg
28;00:00:28;-1;27;00:00:27;29;-32.99662;-68.6593566666667;683.4;2026-07-13T19:47:49Z;frames/frame_000027.jpg
29;00:00:29;-1;28;00:00:28;30;-32.9966666666667;-68.659305;683.8;2026-07-13T19:47:50Z;frames/frame_000028.jpg
30;00:00:30;-1;29;00:00:29;31;-32.99671;-68.6592533333333;683.9;2026-07-13T19:47:51Z;frames/frame_000029.jpg
31;00:00:31;-1;30;00:00:30;32;-32.996755;-68.6592016666667;683.6;2026-07-13T19:47:52Z;frames/frame_000030.jpg
32;00:00:32;-1;31;00:00:31;33;-32.9968033333333;-68.6591483333333;683.8;2026-07-13T19:47:53Z;frames/frame_000031.jpg
33;00:00:33;-1;32;00:00:32;34;-32.99685;-68.6590916666667;683.9;2026-07-13T19:47:54Z;frames/frame_000032.jpg
34;00:00:34;-1;33;00:00:33;35;-32.9968966666667;-68.6590383333333;683.9;2026-07-13T19:47:55Z;frames/frame_000033.jpg
35;00:00:35;-1;34;00:00:34;36;-32.9969433333333;-68.6589833333333;683.9;2026-07-13T19:47:56Z;frames/frame_000034.jpg
36;00:00:36;-1;35;00:00:35;37;-32.9969916666667;-68.6589283333333;683.6;2026-07-13T19:47:57Z;frames/frame_000035.jpg
37;00:00:37;-1;36;00:00:36;38;-32.9970383333333;-68.6588716666667;683.5;2026-07-13T19:47:58Z;frames/frame_000036.jpg
38;00:00:38;-1;37;00:00:37;39;-32.9970866666667;-68.6588166666667;683.5;2026-07-13T19:47:59Z;frames/frame_000037.jpg
39;00:00:39;-1;38;00:00:38;40;-32.997135;-68.65876;683.2;2026-07-13T19:48:00Z;frames/frame_000038.jpg
40;00:00:40;-1;39;00:00:39;41;-32.997185;-68.6587033333333;682.9;2026-07-13T19:48:01Z;frames/frame_000039.jpg
41;00:00:41;-1;40;00:00:40;42;-32.9972316666667;-68.6586466666667;682.8;2026-07-13T19:48:02Z;frames/frame_000040.jpg
42;00:00:42;-1;41;00:00:41;43;-32.9972783333333;-68.6585883333333;682.8;2026-07-13T19:48:03Z;frames/frame_000041.jpg
43;00:00:43;-1;42;00:00:42;44;-32.997325;-68.6585316666667;682.6;2026-07-13T19:48:04Z;frames/frame_000042.jpg
44;00:00:44;-1;43;00:00:43;45;-32.99737;-68.6584766666667;682.4;2026-07-13T19:48:05Z;frames/frame_000043.jpg
45;00:00:45;-1;44;00:00:44;46;-32.9974133333333;-68.658425;682.3;2026-07-13T19:48:06Z;frames/frame_000044.jpg
46;00:00:46;-1;45;00:00:45;47;-32.997455;-68.658375;682.3;2026-07-13T19:48:07Z;frames/frame_000045.jpg
47;00:00:47;-1;46;00:00:46;48;-32.9974933333333;-68.6583266666667;682;2026-07-13T19:48:08Z;frames/frame_000046.jpg
48;00:00:48;-1;47;00:00:47;49;-32.9975316666667;-68.6582783333333;681.9;2026-07-13T19:48:09Z;frames/frame_000047.jpg
49;00:00:49;-1;48;00:00:48;50;-32.99757;-68.65823;681.7;2026-07-13T19:48:10Z;frames/frame_000048.jpg
50;00:00:50;-1;49;00:00:49;51;-32.9976083333333;-68.6581816666667;681.5;2026-07-13T19:48:11Z;frames/frame_000049.jpg
51;00:00:51;-1;50;00:00:50;52;-32.9976466666667;-68.6581316666667;681.3;2026-07-13T19:48:12Z;frames/frame_000050.jpg
52;00:00:52;-1;51;00:00:51;53;-32.9976833333333;-68.6580833333333;681.2;2026-07-13T19:48:13Z;frames/frame_000051.jpg
53;00:00:53;-1;52;00:00:52;54;-32.9977216666667;-68.658035;681.1;2026-07-13T19:48:14Z;frames/frame_000052.jpg
54;00:00:54;-1;53;00:00:53;55;-32.99776;-68.6579866666667;681.2;2026-07-13T19:48:15Z;frames/frame_000053.jpg
55;00:00:55;-1;54;00:00:54;56;-32.9978016666667;-68.6579366666667;681.1;2026-07-13T19:48:16Z;frames/frame_000054.jpg
56;00:00:56;-1;55;00:00:55;57;-32.997845;-68.6578833333333;680.9;2026-07-13T19:48:17Z;frames/frame_000055.jpg
57;00:00:57;-1;56;00:00:56;58;-32.9978883333333;-68.657825;680.7;2026-07-13T19:48:18Z;frames/frame_000056.jpg
58;00:00:58;-1;57;00:00:57;59;-32.9979366666667;-68.6577616666667;680.5;2026-07-13T19:48:19Z;frames/frame_000057.jpg
59;00:00:59;-1;58;00:00:58;60;-32.9979883333333;-68.6576966666667;680.3;2026-07-13T19:48:20Z;frames/frame_000058.jpg
60;00:01:00;-1;59;00:00:59;61;-32.99804;-68.6576283333333;680.3;2026-07-13T19:48:21Z;frames/frame_000059.jpg
61;00:01:01;-1;60;00:01:00;62;-32.9980933333333;-68.6575583333333;680.1;2026-07-13T19:48:22Z;frames/frame_000060.jpg
62;00:01:02;-1;61;00:01:01;63;-32.9981466666667;-68.65749;680.1;2026-07-13T19:48:23Z;frames/frame_000061.jpg
63;00:01:03;-1;62;00:01:02;64;-32.9981966666667;-68.6574216666667;679.9;2026-07-13T19:48:24Z;frames/frame_000062.jpg
64;00:01:04;-1;63;00:01:03;65;-32.9982466666667;-68.6573533333333;679.8;2026-07-13T19:48:25Z;frames/frame_000063.jpg
65;00:01:05;-1;64;00:01:04;66;-32.9982966666667;-68.657285;679.6;2026-07-13T19:48:26Z;frames/frame_000064.jpg
66;00:01:06;-1;65;00:01:05;67;-32.9983466666667;-68.6572183333333;679.4;2026-07-13T19:48:27Z;frames/frame_000065.jpg
67;00:01:07;-1;66;00:01:06;68;-32.9983933333333;-68.657155;679.3;2026-07-13T19:48:28Z;frames/frame_000066.jpg
68;00:01:08;-1;67;00:01:07;69;-32.9984383333333;-68.6570933333333;679.3;2026-07-13T19:48:29Z;frames/frame_000067.jpg
69;00:01:09;-1;68;00:01:08;70;-32.99848;-68.6570333333333;679.4;2026-07-13T19:48:30Z;frames/frame_000068.jpg
70;00:01:10;-1;69;00:01:09;71;-32.9985216666667;-68.6569733333333;679.4;2026-07-13T19:48:31Z;frames/frame_000069.jpg
71;00:01:11;-1;70;00:01:10;72;-32.9985633333333;-68.6569116666667;679.4;2026-07-13T19:48:32Z;frames/frame_000070.jpg
72;00:01:12;-1;71;00:01:11;73;-32.998605;-68.656845;679.5;2026-07-13T19:48:33Z;frames/frame_000071.jpg
73;00:01:13;-1;72;00:01:12;74;-32.9986466666667;-68.6567783333333;679.4;2026-07-13T19:48:34Z;frames/frame_000072.jpg
74;00:01:14;-1;73;00:01:13;75;-32.99869;-68.65671;679.6;2026-07-13T19:48:35Z;frames/frame_000073.jpg
75;00:01:15;-1;74;00:01:14;76;-32.9987316666667;-68.6566416666667;679.5;2026-07-13T19:48:36Z;frames/frame_000074.jpg
76;00:01:16;-1;75;00:01:15;77;-32.9987766666667;-68.6565716666667;679.5;2026-07-13T19:48:37Z;frames/frame_000075.jpg
77;00:01:17;-1;76;00:01:16;78;-32.9988233333333;-68.6565016666667;679.5;2026-07-13T19:48:38Z;frames/frame_000076.jpg
78;00:01:18;-1;77;00:01:17;79;-32.99887;-68.65643;679.4;2026-07-13T19:48:39Z;frames/frame_000077.jpg
79;00:01:19;-1;78;00:01:18;80;-32.9989166666667;-68.656355;679.2;2026-07-13T19:48:40Z;frames/frame_000078.jpg
80;00:01:20;-1;79;00:01:19;81;-32.9989616666667;-68.6562783333333;679.1;2026-07-13T19:48:41Z;frames/frame_000079.jpg
81;00:01:21;-1;80;00:01:20;82;-32.99901;-68.6562016666667;679.1;2026-07-13T19:48:42Z;frames/frame_000080.jpg
82;00:01:22;-1;81;00:01:21;83;-32.9990583333333;-68.656125;678.9;2026-07-13T19:48:43Z;frames/frame_000081.jpg
83;00:01:23;-1;82;00:01:22;84;-32.999105;-68.656045;678.9;2026-07-13T19:48:44Z;frames/frame_000082.jpg
84;00:01:24;-1;83;00:01:23;85;-32.999155;-68.6559616666667;679.2;2026-07-13T19:48:45Z;frames/frame_000083.jpg
85;00:01:25;-1;84;00:01:24;86;-32.999205;-68.6558783333333;679.4;2026-07-13T19:48:46Z;frames/frame_000084.jpg
86;00:01:26;-1;85;00:01:25;87;-32.999255;-68.655795;679.4;2026-07-13T19:48:47Z;frames/frame_000085.jpg
87;00:01:27;-1;86;00:01:26;88;-32.999305;-68.65571;679.3;2026-07-13T19:48:48Z;frames/frame_000086.jpg
88;00:01:28;-1;87;00:01:27;89;-32.999355;-68.6556233333334;679.3;2026-07-13T19:48:49Z;frames/frame_000087.jpg
89;00:01:29;-1;88;00:01:28;90;-32.9994033333333;-68.6555383333333;679.3;2026-07-13T19:48:50Z;frames/frame_000088.jpg
90;00:01:30;-1;89;00:01:29;91;-32.9994516666667;-68.655455;679.3;2026-07-13T19:48:51Z;frames/frame_000089.jpg
91;00:01:31;-1;90;00:01:30;92;-32.9994983333333;-68.6553716666667;679.3;2026-07-13T19:48:52Z;frames/frame_000090.jpg
92;00:01:32;-1;91;00:01:31;93;-32.999545;-68.65529;679.2;2026-07-13T19:48:53Z;frames/frame_000091.jpg
93;00:01:33;-1;92;00:01:32;94;-32.9995916666667;-68.6552066666667;679;2026-07-13T19:48:54Z;frames/frame_000092.jpg
94;00:01:34;-1;93;00:01:33;95;-32.99964;-68.6551216666667;679;2026-07-13T19:48:55Z;frames/frame_000093.jpg
95;00:01:35;-1;94;00:01:34;96;-32.999685;-68.6550383333333;679.1;2026-07-13T19:48:56Z;frames/frame_000094.jpg
96;00:01:36;-1;95;00:01:35;97;-32.99973;-68.6549533333333;679.1;2026-07-13T19:48:57Z;frames/frame_000095.jpg
97;00:01:37;-1;96;00:01:36;98;-32.999775;-68.65487;679.2;2026-07-13T19:48:58Z;frames/frame_000096.jpg
98;00:01:38;-1;97;00:01:37;99;-32.9998183333333;-68.6547916666667;679.2;2026-07-13T19:48:59Z;frames/frame_000097.jpg
99;00:01:39;-1;98;00:01:38;100;-32.9998566666667;-68.65472;679.1;2026-07-13T19:49:00Z;frames/frame_000098.jpg
100;00:01:40;-1;99;00:01:39;101;-32.99989;-68.6546566666667;679.3;2026-07-13T19:49:01Z;frames/frame_000099.jpg
101;00:01:41;-1;100;00:01:40;102;-32.9999183333333;-68.6546016666667;679.4;2026-07-13T19:49:02Z;frames/frame_000100.jpg
102;00:01:42;-1;101;00:01:41;103;-32.999945;-68.6545483333333;679.5;2026-07-13T19:49:03Z;frames/frame_000101.jpg
103;00:01:43;-1;102;00:01:42;104;-32.9999716666667;-68.6544966666667;679.5;2026-07-13T19:49:04Z;frames/frame_000102.jpg
104;00:01:44;-1;103;00:01:43;105;-33.0000016666667;-68.65444;679.6;2026-07-13T19:49:05Z;frames/frame_000103.jpg
105;00:01:45;-1;104;00:01:44;106;-33.0000366666667;-68.6543733333333;679.6;2026-07-13T19:49:06Z;frames/frame_000104.jpg
106;00:01:46;-1;105;00:01:45;107;-33.00007;-68.6543066666667;679.6;2026-07-13T19:49:07Z;frames/frame_000105.jpg
107;00:01:47;-1;106;00:01:46;108;-33.000105;-68.6542366666667;679.8;2026-07-13T19:49:08Z;frames/frame_000106.jpg
108;00:01:48;-1;107;00:01:47;109;-33.0001383333333;-68.6541683333333;679.9;2026-07-13T19:49:09Z;frames/frame_000107.jpg
109;00:01:49;-1;108;00:01:48;110;-33.00017;-68.6540966666666;680;2026-07-13T19:49:10Z;frames/frame_000108.jpg
110;00:01:50;-1;109;00:01:49;111;-33.0002033333333;-68.6540266666667;680.1;2026-07-13T19:49:11Z;frames/frame_000109.jpg
111;00:01:51;-1;110;00:01:50;112;-33.000235;-68.6539583333333;680;2026-07-13T19:49:12Z;frames/frame_000110.jpg
112;00:01:52;-1;111;00:01:51;113;-33.0002666666667;-68.65389;679.9;2026-07-13T19:49:13Z;frames/frame_000111.jpg
113;00:01:53;-1;112;00:01:52;114;-33.0003;-68.65382;679.8;2026-07-13T19:49:14Z;frames/frame_000112.jpg
114;00:01:54;-1;113;00:01:53;115;-33.0003316666667;-68.65375;679.7;2026-07-13T19:49:15Z;frames/frame_000113.jpg
115;00:01:55;-1;114;00:01:54;116;-33.0003666666667;-68.653675;679.7;2026-07-13T19:49:16Z;frames/frame_000114.jpg
116;00:01:56;-1;115;00:01:55;117;-33.0004;-68.6535983333333;679.6;2026-07-13T19:49:17Z;frames/frame_000115.jpg
117;00:01:57;-1;116;00:01:56;118;-33.000435;-68.6535233333333;679.7;2026-07-13T19:49:18Z;frames/frame_000116.jpg
118;00:01:58;-1;117;00:01:57;119;-33.00047;-68.653445;679.8;2026-07-13T19:49:19Z;frames/frame_000117.jpg
119;00:01:59;-1;118;00:01:58;120;-33.0005033333333;-68.6533666666667;680.1;2026-07-13T19:49:20Z;frames/frame_000118.jpg
120;00:02:00;-1;119;00:01:59;121;-33.0005383333333;-68.6532883333333;680.2;2026-07-13T19:49:21Z;frames/frame_000119.jpg
121;00:02:01;-1;120;00:02:00;122;-33.00057;-68.65321;680.2;2026-07-13T19:49:22Z;frames/frame_000120.jpg
122;00:02:02;-1;121;00:02:01;123;-33.0006033333333;-68.6531316666667;680.3;2026-07-13T19:49:23Z;frames/frame_000121.jpg
123;00:02:03;-1;122;00:02:02;124;-33.0006366666667;-68.6530516666667;680.5;2026-07-13T19:49:24Z;frames/frame_000122.jpg
124;00:02:04;-1;123;00:02:03;125;-33.00067;-68.6529733333333;680.6;2026-07-13T19:49:25Z;frames/frame_000123.jpg
125;00:02:05;-1;124;00:02:04;126;-33.000705;-68.6528933333333;680.7;2026-07-13T19:49:26Z;frames/frame_000124.jpg
126;00:02:06;-1;125;00:02:05;127;-33.00074;-68.6528116666667;680.7;2026-07-13T19:49:27Z;frames/frame_000125.jpg
127;00:02:07;-1;126;00:02:06;128;-33.000775;-68.65273;680.8;2026-07-13T19:49:28Z;frames/frame_000126.jpg
128;00:02:08;-1;127;00:02:07;129;-33.00081;-68.652645;681;2026-07-13T19:49:29Z;frames/frame_000127.jpg
129;00:02:09;-1;128;00:02:08;130;-33.000845;-68.65256;681.2;2026-07-13T19:49:30Z;frames/frame_000128.jpg
130;00:02:10;-1;129;00:02:09;131;-33.0008783333333;-68.6524733333333;681.5;2026-07-13T19:49:31Z;frames/frame_000129.jpg
131;00:02:11;-1;130;00:02:10;132;-33.0009133333333;-68.652385;681.6;2026-07-13T19:49:32Z;frames/frame_000130.jpg
132;00:02:12;-1;131;00:02:11;133;-33.0009466666667;-68.6522966666667;681.5;2026-07-13T19:49:33Z;frames/frame_000131.jpg
133;00:02:13;-1;132;00:02:12;134;-33.0009816666667;-68.6522083333333;681.4;2026-07-13T19:49:34Z;frames/frame_000132.jpg
134;00:02:14;-1;133;00:02:13;135;-33.001015;-68.65212;681.6;2026-07-13T19:49:35Z;frames/frame_000133.jpg
135;00:02:15;-1;134;00:02:14;136;-33.0010483333333;-68.65203;682;2026-07-13T19:49:36Z;frames/frame_000134.jpg
136;00:02:16;-1;135;00:02:15;137;-33.0010816666667;-68.6519416666667;682.4;2026-07-13T19:49:37Z;frames/frame_000135.jpg
137;00:02:17;-1;136;00:02:16;138;-33.0011133333333;-68.651855;682.8;2026-07-13T19:49:38Z;frames/frame_000136.jpg
138;00:02:18;-1;137;00:02:17;139;-33.0011433333333;-68.6517716666667;682.9;2026-07-13T19:49:39Z;frames/frame_000137.jpg
139;00:02:19;-1;138;00:02:18;140;-33.0011716666667;-68.65169;682.9;2026-07-13T19:49:40Z;frames/frame_000138.jpg
140;00:02:20;-1;139;00:02:19;141;-33.0012;-68.6516083333333;682.9;2026-07-13T19:49:41Z;frames/frame_000139.jpg
141;00:02:21;-1;140;00:02:20;142;-33.0012283333333;-68.6515266666667;682.9;2026-07-13T19:49:42Z;frames/frame_000140.jpg
142;00:02:22;-1;141;00:02:21;143;-33.0012566666667;-68.6514483333333;682.7;2026-07-13T19:49:43Z;frames/frame_000141.jpg
143;00:02:23;-1;142;00:02:22;144;-33.001285;-68.65137;682.3;2026-07-13T19:49:44Z;frames/frame_000142.jpg
144;00:02:24;-1;143;00:02:23;145;-33.0013116666667;-68.6512916666667;682;2026-07-13T19:49:45Z;frames/frame_000143.jpg
145;00:02:25;-1;144;00:02:24;146;-33.0013383333333;-68.651215;682;2026-07-13T19:49:46Z;frames/frame_000144.jpg
146;00:02:26;-1;145;00:02:25;147;-33.001365;-68.6511416666667;682;2026-07-13T19:49:47Z;frames/frame_000145.jpg
147;00:02:27;-1;146;00:02:26;148;-33.00139;-68.6510683333333;681.7;2026-07-13T19:49:48Z;frames/frame_000146.jpg
148;00:02:28;-1;147;00:02:27;149;-33.0014166666667;-68.650995;681.6;2026-07-13T19:49:49Z;frames/frame_000147.jpg
149;00:02:29;-1;148;00:02:28;150;-33.0014433333333;-68.65092;681.4;2026-07-13T19:49:50Z;frames/frame_000148.jpg
150;00:02:30;-1;149;00:02:29;151;-33.00147;-68.6508433333333;681.5;2026-07-13T19:49:51Z;frames/frame_000149.jpg
151;00:02:31;-1;150;00:02:30;152;-33.0015;-68.650765;681.6;2026-07-13T19:49:52Z;frames/frame_000150.jpg
152;00:02:32;-1;151;00:02:31;153;-33.00153;-68.650685;681.6;2026-07-13T19:49:53Z;frames/frame_000151.jpg
153;00:02:33;-1;152;00:02:32;154;-33.0015583333333;-68.6506083333333;681.7;2026-07-13T19:49:54Z;frames/frame_000152.jpg
154;00:02:34;-1;153;00:02:33;155;-33.0015833333333;-68.6505333333333;681.9;2026-07-13T19:49:55Z;frames/frame_000153.jpg
155;00:02:35;-1;154;00:02:34;156;-33.0016066666667;-68.65046;682;2026-07-13T19:49:56Z;frames/frame_000154.jpg
156;00:02:36;-1;155;00:02:35;157;-33.0016316666667;-68.65039;682.2;2026-07-13T19:49:57Z;frames/frame_000155.jpg
157;00:02:37;-1;156;00:02:36;158;-33.0016583333333;-68.6503183333333;682.4;2026-07-13T19:49:58Z;frames/frame_000156.jpg
158;00:02:38;-1;157;00:02:37;159;-33.001685;-68.65025;682.2;2026-07-13T19:49:59Z;frames/frame_000157.jpg
159;00:02:39;-1;158;00:02:38;160;-33.0017116666667;-68.6501766666667;682;2026-07-13T19:50:00Z;frames/frame_000158.jpg
160;00:02:40;-1;159;00:02:39;161;-33.0017383333333;-68.6501016666667;681.8;2026-07-13T19:50:01Z;frames/frame_000159.jpg
161;00:02:41;-1;160;00:02:40;162;-33.0017666666667;-68.6500216666667;681.7;2026-07-13T19:50:02Z;frames/frame_000160.jpg
162;00:02:42;-1;161;00:02:41;163;-33.001795;-68.64994;681.4;2026-07-13T19:50:03Z;frames/frame_000161.jpg
163;00:02:43;-1;162;00:02:42;164;-33.001825;-68.6498566666667;681.1;2026-07-13T19:50:04Z;frames/frame_000162.jpg
164;00:02:44;-1;163;00:02:43;165;-33.001855;-68.6497733333333;681.1;2026-07-13T19:50:05Z;frames/frame_000163.jpg
165;00:02:45;-1;164;00:02:44;166;-33.0018866666667;-68.6496866666667;681.2;2026-07-13T19:50:06Z;frames/frame_000164.jpg
166;00:02:46;-1;165;00:02:45;167;-33.0019183333333;-68.6495983333333;681.2;2026-07-13T19:50:07Z;frames/frame_000165.jpg
167;00:02:47;-1;166;00:02:46;168;-33.0019516666667;-68.6495083333333;681;2026-07-13T19:50:08Z;frames/frame_000166.jpg
168;00:02:48;-1;167;00:02:47;169;-33.001985;-68.6494183333333;681;2026-07-13T19:50:09Z;frames/frame_000167.jpg
169;00:02:49;-1;168;00:02:48;170;-33.0020183333333;-68.6493266666667;680.7;2026-07-13T19:50:10Z;frames/frame_000168.jpg
170;00:02:50;-1;169;00:02:49;171;-33.00205;-68.649235;680.7;2026-07-13T19:50:11Z;frames/frame_000169.jpg
171;00:02:51;-1;170;00:02:50;172;-33.0020833333333;-68.6491433333333;680.8;2026-07-13T19:50:12Z;frames/frame_000170.jpg
172;00:02:52;-1;171;00:02:51;173;-33.002115;-68.649055;680.7;2026-07-13T19:50:13Z;frames/frame_000171.jpg
173;00:02:53;-1;172;00:02:52;174;-33.002145;-68.6489666666667;680.9;2026-07-13T19:50:14Z;frames/frame_000172.jpg
174;00:02:54;-1;173;00:02:53;175;-33.0021766666667;-68.64888;681;2026-07-13T19:50:15Z;frames/frame_000173.jpg
175;00:02:55;-1;174;00:02:54;176;-33.0022083333333;-68.648795;680.8;2026-07-13T19:50:16Z;frames/frame_000174.jpg
176;00:02:56;-1;175;00:02:55;177;-33.0022383333333;-68.6487116666667;680.5;2026-07-13T19:50:17Z;frames/frame_000175.jpg
177;00:02:57;-1;176;00:02:56;178;-33.0022666666667;-68.64863;680.2;2026-07-13T19:50:18Z;frames/frame_000176.jpg
178;00:02:58;-1;177;00:02:57;179;-33.0022933333333;-68.6485483333333;680.1;2026-07-13T19:50:19Z;frames/frame_000177.jpg
179;00:02:59;-1;178;00:02:58;180;-33.0023216666667;-68.6484666666667;680.1;2026-07-13T19:50:20Z;frames/frame_000178.jpg
180;00:03:00;-1;179;00:02:59;181;-33.0023516666667;-68.6483866666667;680.1;2026-07-13T19:50:21Z;frames/frame_000179.jpg
181;00:03:01;-1;180;00:03:00;182;-33.00238;-68.6483066666667;680.1;2026-07-13T19:50:22Z;frames/frame_000180.jpg
182;00:03:02;-1;181;00:03:01;183;-33.002405;-68.64823;680;2026-07-13T19:50:23Z;frames/frame_000181.jpg
183;00:03:03;-1;182;00:03:02;184;-33.0024333333333;-68.6481516666667;679.7;2026-07-13T19:50:24Z;frames/frame_000182.jpg
184;00:03:04;-1;183;00:03:03;185;-33.0024616666667;-68.648075;679.6;2026-07-13T19:50:25Z;frames/frame_000183.jpg
185;00:03:05;-1;184;00:03:04;186;-33.00249;-68.6480016666667;679.5;2026-07-13T19:50:26Z;frames/frame_000184.jpg
186;00:03:06;-1;185;00:03:05;187;-33.0025183333333;-68.6479283333333;679.5;2026-07-13T19:50:27Z;frames/frame_000185.jpg
187;00:03:07;-1;186;00:03:06;188;-33.0025466666667;-68.647855;679.5;2026-07-13T19:50:28Z;frames/frame_000186.jpg
188;00:03:08;-1;187;00:03:07;189;-33.002575;-68.6477816666667;679.5;2026-07-13T19:50:29Z;frames/frame_000187.jpg
189;00:03:09;-1;188;00:03:08;190;-33.0026;-68.6477066666667;679.5;2026-07-13T19:50:30Z;frames/frame_000188.jpg
190;00:03:10;-1;189;00:03:09;191;-33.0026233333333;-68.64763;679.7;2026-07-13T19:50:31Z;frames/frame_000189.jpg
191;00:03:11;-1;190;00:03:10;192;-33.0026483333333;-68.64755;679.9;2026-07-13T19:50:32Z;frames/frame_000190.jpg
192;00:03:12;-1;191;00:03:11;193;-33.0026766666667;-68.6474616666667;679.9;2026-07-13T19:50:33Z;frames/frame_000191.jpg
193;00:03:13;-1;192;00:03:12;194;-33.00271;-68.64736;680;2026-07-13T19:50:34Z;frames/frame_000192.jpg
194;00:03:14;-1;193;00:03:13;195;-33.0027483333333;-68.64725;680.1;2026-07-13T19:50:35Z;frames/frame_000193.jpg
195;00:03:15;-1;194;00:03:14;196;-33.0027883333333;-68.647135;680.2;2026-07-13T19:50:36Z;frames/frame_000194.jpg
196;00:03:16;-1;195;00:03:15;197;-33.0028283333333;-68.6470183333333;680.4;2026-07-13T19:50:37Z;frames/frame_000195.jpg
197;00:03:17;-1;196;00:03:16;198;-33.00287;-68.646905;680.6;2026-07-13T19:50:38Z;frames/frame_000196.jpg
198;00:03:18;-1;197;00:03:17;199;-33.00291;-68.6467916666667;680.7;2026-07-13T19:50:39Z;frames/frame_000197.jpg
199;00:03:19;-1;198;00:03:18;200;-33.0029483333333;-68.64668;680.8;2026-07-13T19:50:40Z;frames/frame_000198.jpg
200;00:03:20;-1;199;00:03:19;201;-33.002985;-68.64657;680.7;2026-07-13T19:50:41Z;frames/frame_000199.jpg
201;00:03:21;-1;200;00:03:20;202;-33.003025;-68.6464583333333;680.7;2026-07-13T19:50:42Z;frames/frame_000200.jpg
202;00:03:22;-1;201;00:03:21;203;-33.0030683333333;-68.646345;681;2026-07-13T19:50:43Z;frames/frame_000201.jpg
203;00:03:23;-1;202;00:03:22;204;-33.0031066666667;-68.6462283333333;681.3;2026-07-13T19:50:44Z;frames/frame_000202.jpg
204;00:03:24;-1;203;00:03:23;205;-33.0031466666667;-68.6461133333333;681.4;2026-07-13T19:50:45Z;frames/frame_000203.jpg
205;00:03:25;-1;204;00:03:24;206;-33.0031883333333;-68.6459966666667;681.5;2026-07-13T19:50:46Z;frames/frame_000204.jpg
206;00:03:26;-1;205;00:03:25;207;-33.0032283333333;-68.64588;681.6;2026-07-13T19:50:47Z;frames/frame_000205.jpg
207;00:03:27;-1;206;00:03:26;208;-33.00327;-68.6457633333333;681.8;2026-07-13T19:50:48Z;frames/frame_000206.jpg
208;00:03:28;-1;207;00:03:27;209;-33.0033116666667;-68.645645;682;2026-07-13T19:50:49Z;frames/frame_000207.jpg
209;00:03:29;-1;208;00:03:28;210;-33.003355;-68.6455266666667;682.2;2026-07-13T19:50:50Z;frames/frame_000208.jpg
210;00:03:30;-1;209;00:03:29;211;-33.0033966666667;-68.6454083333334;682.1;2026-07-13T19:50:51Z;frames/frame_000209.jpg
211;00:03:31;-1;210;00:03:30;212;-33.0034383333333;-68.64529;682.1;2026-07-13T19:50:52Z;frames/frame_000210.jpg
212;00:03:32;-1;211;00:03:31;213;-33.0034816666667;-68.6451716666667;682.1;2026-07-13T19:50:53Z;frames/frame_000211.jpg
213;00:03:33;-1;212;00:03:32;214;-33.0035233333333;-68.6450533333333;682.1;2026-07-13T19:50:54Z;frames/frame_000212.jpg
214;00:03:34;-1;213;00:03:33;215;-33.0035666666667;-68.644935;682.3;2026-07-13T19:50:55Z;frames/frame_000213.jpg
215;00:03:35;-1;214;00:03:34;216;-33.00361;-68.644815;682.5;2026-07-13T19:50:56Z;frames/frame_000214.jpg
216;00:03:36;-1;215;00:03:35;217;-33.0036533333333;-68.6446933333333;682.5;2026-07-13T19:50:57Z;frames/frame_000215.jpg
217;00:03:37;-1;216;00:03:36;218;-33.0036933333333;-68.644575;682.3;2026-07-13T19:50:58Z;frames/frame_000216.jpg
218;00:03:38;-1;217;00:03:37;219;-33.003735;-68.644455;682;2026-07-13T19:50:59Z;frames/frame_000217.jpg
219;00:03:39;-1;218;00:03:38;220;-33.003775;-68.6443333333333;682;2026-07-13T19:51:00Z;frames/frame_000218.jpg
220;00:03:40;-1;219;00:03:39;221;-33.0038166666667;-68.6442116666667;681.8;2026-07-13T19:51:01Z;frames/frame_000219.jpg
221;00:03:41;-1;220;00:03:40;222;-33.0038566666667;-68.6440933333333;681.7;2026-07-13T19:51:02Z;frames/frame_000220.jpg
222;00:03:42;-1;221;00:03:41;223;-33.0038983333333;-68.6439733333333;681.6;2026-07-13T19:51:03Z;frames/frame_000221.jpg
223;00:03:43;-1;222;00:03:42;224;-33.003945;-68.64385;682.1;2026-07-13T19:51:04Z;frames/frame_000222.jpg
224;00:03:44;-1;223;00:03:43;225;-33.00399;-68.6437283333333;682.1;2026-07-13T19:51:05Z;frames/frame_000223.jpg
225;00:03:45;-1;224;00:03:44;226;-33.004035;-68.6436066666667;682;2026-07-13T19:51:06Z;frames/frame_000224.jpg
226;00:03:46;-1;225;00:03:45;227;-33.00408;-68.6434833333334;681.8;2026-07-13T19:51:07Z;frames/frame_000225.jpg
227;00:03:47;-1;226;00:03:46;228;-33.004125;-68.64336;681.6;2026-07-13T19:51:08Z;frames/frame_000226.jpg
228;00:03:48;-1;227;00:03:47;229;-33.0041683333333;-68.6432383333333;681.3;2026-07-13T19:51:09Z;frames/frame_000227.jpg
229;00:03:49;-1;228;00:03:48;230;-33.0042116666667;-68.643115;681.2;2026-07-13T19:51:10Z;frames/frame_000228.jpg
230;00:03:50;-1;229;00:03:49;231;-33.0042566666667;-68.6429916666667;681;2026-07-13T19:51:11Z;frames/frame_000229.jpg
231;00:03:51;-1;230;00:03:50;232;-33.0043016666667;-68.6428683333333;680.5;2026-07-13T19:51:12Z;frames/frame_000230.jpg
232;00:03:52;-1;231;00:03:51;233;-33.004345;-68.642745;680.1;2026-07-13T19:51:13Z;frames/frame_000231.jpg
233;00:03:53;-1;232;00:03:52;234;-33.0043916666667;-68.6426216666667;679.7;2026-07-13T19:51:14Z;frames/frame_000232.jpg
234;00:03:54;-1;233;00:03:53;235;-33.0044383333333;-68.6424966666667;679.5;2026-07-13T19:51:15Z;frames/frame_000233.jpg
235;00:03:55;-1;234;00:03:54;236;-33.004485;-68.6423716666667;679.1;2026-07-13T19:51:16Z;frames/frame_000234.jpg
236;00:03:56;-1;235;00:03:55;237;-33.0045333333333;-68.642245;678.7;2026-07-13T19:51:17Z;frames/frame_000235.jpg
237;00:03:57;-1;236;00:03:56;238;-33.0045816666667;-68.6421166666667;678.3;2026-07-13T19:51:18Z;frames/frame_000236.jpg
238;00:03:58;-1;237;00:03:57;239;-33.0046283333333;-68.6419916666667;678.1;2026-07-13T19:51:19Z;frames/frame_000237.jpg
239;00:03:59;-1;238;00:03:58;240;-33.0046766666667;-68.6418633333333;677.9;2026-07-13T19:51:20Z;frames/frame_000238.jpg
240;00:04:00;-1;239;00:03:59;241;-33.004725;-68.641735;677.6;2026-07-13T19:51:21Z;frames/frame_000239.jpg
241;00:04:01;-1;240;00:04:00;242;-33.0047733333333;-68.641605;677.4;2026-07-13T19:51:22Z;frames/frame_000240.jpg
242;00:04:02;-1;241;00:04:01;243;-33.00482;-68.6414766666667;677;2026-07-13T19:51:23Z;frames/frame_000241.jpg
243;00:04:03;-1;242;00:04:02;244;-33.0048683333333;-68.6413483333333;676.7;2026-07-13T19:51:24Z;frames/frame_000242.jpg
244;00:04:04;-1;243;00:04:03;245;-33.0049166666667;-68.6412233333333;676.6;2026-07-13T19:51:25Z;frames/frame_000243.jpg
245;00:04:05;-1;244;00:04:04;246;-33.004965;-68.6410966666667;676.3;2026-07-13T19:51:26Z;frames/frame_000244.jpg
246;00:04:06;-1;245;00:04:05;247;-33.005015;-68.6409716666667;675.9;2026-07-13T19:51:27Z;frames/frame_000245.jpg
247;00:04:07;-1;246;00:04:06;248;-33.00506;-68.6408466666667;675.6;2026-07-13T19:51:28Z;frames/frame_000246.jpg
248;00:04:08;-1;247;00:04:07;249;-33.005105;-68.6407216666667;675.2;2026-07-13T19:51:29Z;frames/frame_000247.jpg
249;00:04:09;-1;248;00:04:08;250;-33.0051483333333;-68.6405966666667;674.9;2026-07-13T19:51:30Z;frames/frame_000248.jpg
250;00:04:10;-1;249;00:04:09;251;-33.0051933333333;-68.6404716666667;675.2;2026-07-13T19:51:31Z;frames/frame_000249.jpg
251;00:04:11;-1;250;00:04:10;252;-33.005235;-68.6403483333333;675.1;2026-07-13T19:51:32Z;frames/frame_000250.jpg
252;00:04:12;-1;251;00:04:11;253;-33.0052766666667;-68.6402266666667;675;2026-07-13T19:51:33Z;frames/frame_000251.jpg
253;00:04:13;-1;252;00:04:12;254;-33.0053166666667;-68.640105;675.9;2026-07-13T19:51:34Z;frames/frame_000252.jpg
254;00:04:14;-1;253;00:04:13;255;-33.0053566666667;-68.6399866666667;676.3;2026-07-13T19:51:35Z;frames/frame_000253.jpg
255;00:04:15;-1;254;00:04:14;256;-33.0053933333333;-68.63987;676.2;2026-07-13T19:51:36Z;frames/frame_000254.jpg
256;00:04:16;-1;255;00:04:15;257;-33.00543;-68.639755;676.3;2026-07-13T19:51:37Z;frames/frame_000255.jpg
257;00:04:17;-1;256;00:04:16;258;-33.0054683333333;-68.63964;676.4;2026-07-13T19:51:38Z;frames/frame_000256.jpg
258;00:04:18;-1;257;00:04:17;259;-33.0055066666667;-68.6395233333333;676.5;2026-07-13T19:51:39Z;frames/frame_000257.jpg
259;00:04:19;-1;258;00:04:18;260;-33.0055483333333;-68.6394033333333;676.4;2026-07-13T19:51:40Z;frames/frame_000258.jpg
260;00:04:20;-1;259;00:04:19;261;-33.0055916666667;-68.63928;676.5;2026-07-13T19:51:41Z;frames/frame_000259.jpg
261;00:04:21;-1;260;00:04:20;262;-33.0056383333333;-68.6391516666667;676.3;2026-07-13T19:51:42Z;frames/frame_000260.jpg
262;00:04:22;-1;261;00:04:21;263;-33.005685;-68.6390233333333;676.1;2026-07-13T19:51:43Z;frames/frame_000261.jpg
263;00:04:23;-1;262;00:04:22;264;-33.0057316666667;-68.63889;676;2026-07-13T19:51:44Z;frames/frame_000262.jpg
264;00:04:24;-1;263;00:04:23;265;-33.0057783333333;-68.6387566666667;675.9;2026-07-13T19:51:45Z;frames/frame_000263.jpg
265;00:04:25;-1;264;00:04:24;266;-33.0058283333333;-68.63862;675.5;2026-07-13T19:51:46Z;frames/frame_000264.jpg
266;00:04:26;-1;265;00:04:25;267;-33.00588;-68.63848;675.2;2026-07-13T19:51:47Z;frames/frame_000265.jpg
267;00:04:27;-1;266;00:04:26;268;-33.0059316666667;-68.6383383333333;675;2026-07-13T19:51:48Z;frames/frame_000266.jpg
268;00:04:28;-1;267;00:04:27;269;-33.0059833333333;-68.638195;674.9;2026-07-13T19:51:49Z;frames/frame_000267.jpg
269;00:04:29;-1;268;00:04:28;270;-33.0060333333333;-68.6380516666667;674.7;2026-07-13T19:51:50Z;frames/frame_000268.jpg
270;00:04:30;-1;269;00:04:29;271;-33.006085;-68.6379083333333;674.6;2026-07-13T19:51:51Z;frames/frame_000269.jpg
271;00:04:31;-1;270;00:04:30;272;-33.0061366666667;-68.6377666666667;674.5;2026-07-13T19:51:52Z;frames/frame_000270.jpg
272;00:04:32;-1;271;00:04:31;273;-33.0061883333333;-68.637625;674.4;2026-07-13T19:51:53Z;frames/frame_000271.jpg
273;00:04:33;-1;272;00:04:32;274;-33.00624;-68.6374816666667;674.5;2026-07-13T19:51:54Z;frames/frame_000272.jpg
274;00:04:34;-1;273;00:04:33;275;-33.00629;-68.63734;674.4;2026-07-13T19:51:55Z;frames/frame_000273.jpg
275;00:04:35;-1;274;00:04:34;276;-33.0063416666667;-68.6371983333333;674.3;2026-07-13T19:51:56Z;frames/frame_000274.jpg
276;00:04:36;-1;275;00:04:35;277;-33.0063916666667;-68.6370566666667;674.2;2026-07-13T19:51:57Z;frames/frame_000275.jpg
277;00:04:37;-1;276;00:04:36;278;-33.0064433333333;-68.636915;674.1;2026-07-13T19:51:58Z;frames/frame_000276.jpg
278;00:04:38;-1;277;00:04:37;279;-33.0064933333333;-68.6367733333333;674.1;2026-07-13T19:51:59Z;frames/frame_000277.jpg
279;00:04:39;-1;278;00:04:38;280;-33.0065466666667;-68.6366316666667;674.1;2026-07-13T19:52:00Z;frames/frame_000278.jpg
280;00:04:40;-1;279;00:04:39;281;-33.0065966666667;-68.63649;674.2;2026-07-13T19:52:01Z;frames/frame_000279.jpg
281;00:04:41;-1;280;00:04:40;282;-33.0066466666667;-68.6363516666667;674.3;2026-07-13T19:52:02Z;frames/frame_000280.jpg
282;00:04:42;-1;281;00:04:41;283;-33.006695;-68.636215;674.3;2026-07-13T19:52:03Z;frames/frame_000281.jpg
283;00:04:43;-1;282;00:04:42;284;-33.0067416666667;-68.6360783333333;674.4;2026-07-13T19:52:04Z;frames/frame_000282.jpg
284;00:04:44;-1;283;00:04:43;285;-33.00679;-68.6359416666667;674.5;2026-07-13T19:52:05Z;frames/frame_000283.jpg
285;00:04:45;-1;284;00:04:44;286;-33.00684;-68.6358033333333;674.4;2026-07-13T19:52:06Z;frames/frame_000284.jpg
286;00:04:46;-1;285;00:04:45;287;-33.0068883333333;-68.6356633333333;674.3;2026-07-13T19:52:07Z;frames/frame_000285.jpg
287;00:04:47;-1;286;00:04:46;288;-33.0069383333333;-68.6355233333333;674.2;2026-07-13T19:52:08Z;frames/frame_000286.jpg
288;00:04:48;-1;287;00:04:47;289;-33.0069883333333;-68.6353866666667;673.8;2026-07-13T19:52:09Z;frames/frame_000287.jpg
289;00:04:49;-1;288;00:04:48;290;-33.0070366666667;-68.6352483333333;673.4;2026-07-13T19:52:10Z;frames/frame_000288.jpg
290;00:04:50;-1;289;00:04:49;291;-33.00709;-68.6351083333333;673.3;2026-07-13T19:52:11Z;frames/frame_000289.jpg
291;00:04:51;-1;290;00:04:50;292;-33.0071433333333;-68.6349666666667;673.5;2026-07-13T19:52:12Z;frames/frame_000290.jpg
292;00:04:52;-1;291;00:04:51;293;-33.0071933333333;-68.6348283333333;673.5;2026-07-13T19:52:13Z;frames/frame_000291.jpg
293;00:04:53;-1;292;00:04:52;294;-33.007245;-68.6346916666667;673.7;2026-07-13T19:52:14Z;frames/frame_000292.jpg
294;00:04:54;-1;293;00:04:53;295;-33.0072916666667;-68.6345583333333;673.6;2026-07-13T19:52:15Z;frames/frame_000293.jpg
295;00:04:55;-1;294;00:04:54;296;-33.0073383333333;-68.6344233333333;673.5;2026-07-13T19:52:16Z;frames/frame_000294.jpg
296;00:04:56;-1;295;00:04:55;297;-33.0073866666667;-68.6342866666667;673.2;2026-07-13T19:52:17Z;frames/frame_000295.jpg
297;00:04:57;-1;296;00:04:56;298;-33.0074333333333;-68.63415;673.2;2026-07-13T19:52:18Z;frames/frame_000296.jpg
298;00:04:58;-1;297;00:04:57;299;-33.00748;-68.634015;672.9;2026-07-13T19:52:19Z;frames/frame_000297.jpg
299;00:04:59;-1;298;00:04:58;300;-33.0075283333333;-68.63388;672.7;2026-07-13T19:52:20Z;frames/frame_000298.jpg
300;00:05:00;-1;299;00:04:59;301;-33.007575;-68.6337483333333;672.3;2026-07-13T19:52:21Z;frames/frame_000299.jpg
301;00:05:01;-1;300;00:05:00;302;-33.0076216666667;-68.63362;672.1;2026-07-13T19:52:22Z;frames/frame_000300.jpg
302;00:05:02;-1;301;00:05:01;303;-33.007665;-68.6335033333333;671.9;2026-07-13T19:52:23Z;frames/frame_000301.jpg
303;00:05:03;-1;302;00:05:02;304;-33.0077066666667;-68.6334;672.4;2026-07-13T19:52:24Z;frames/frame_000302.jpg
304;00:05:04;-1;303;00:05:03;305;-33.0077466666667;-68.6333083333333;672.2;2026-07-13T19:52:25Z;frames/frame_000303.jpg
305;00:05:05;-1;304;00:05:04;306;-33.0077816666667;-68.633225;672.1;2026-07-13T19:52:26Z;frames/frame_000304.jpg
306;00:05:06;-1;305;00:05:05;307;-33.0078133333333;-68.633145;672.2;2026-07-13T19:52:27Z;frames/frame_000305.jpg
307;00:05:07;-1;306;00:05:06;308;-33.007845;-68.63307;672.3;2026-07-13T19:52:28Z;frames/frame_000306.jpg
308;00:05:08;-1;307;00:05:07;309;-33.0078716666667;-68.6329983333333;672.5;2026-07-13T19:52:29Z;frames/frame_000307.jpg
309;00:05:09;-1;308;00:05:08;310;-33.0078983333333;-68.63293;672.4;2026-07-13T19:52:30Z;frames/frame_000308.jpg
310;00:05:10;-1;309;00:05:09;311;-33.007925;-68.6328633333333;672.5;2026-07-13T19:52:31Z;frames/frame_000309.jpg
311;00:05:11;-1;310;00:05:10;312;-33.0079483333333;-68.6328;672.3;2026-07-13T19:52:32Z;frames/frame_000310.jpg
312;00:05:12;-1;311;00:05:11;313;-33.0079683333333;-68.6327383333333;671.8;2026-07-13T19:52:33Z;frames/frame_000311.jpg
313;00:05:13;-1;312;00:05:12;314;-33.00799;-68.632675;671.9;2026-07-13T19:52:34Z;frames/frame_000312.jpg
314;00:05:14;-1;313;00:05:13;315;-33.0080083333333;-68.6326133333333;671.9;2026-07-13T19:52:35Z;frames/frame_000313.jpg
315;00:05:15;-1;314;00:05:14;316;-33.0080283333333;-68.63255;671.6;2026-07-13T19:52:36Z;frames/frame_000314.jpg
316;00:05:16;-1;315;00:05:15;317;-33.00805;-68.6324866666667;671.4;2026-07-13T19:52:37Z;frames/frame_000315.jpg
317;00:05:17;-1;316;00:05:16;318;-33.008075;-68.63242;671.3;2026-07-13T19:52:38Z;frames/frame_000316.jpg
318;00:05:18;-1;317;00:05:17;319;-33.0081;-68.6323533333333;671.2;2026-07-13T19:52:39Z;frames/frame_000317.jpg
319;00:05:19;-1;318;00:05:18;320;-33.008125;-68.632285;671.2;2026-07-13T19:52:40Z;frames/frame_000318.jpg
320;00:05:20;-1;319;00:05:19;321;-33.0081483333333;-68.63222;671.2;2026-07-13T19:52:41Z;frames/frame_000319.jpg
321;00:05:21;-1;320;00:05:20;322;-33.0081733333333;-68.632155;671.1;2026-07-13T19:52:42Z;frames/frame_000320.jpg
322;00:05:22;-1;321;00:05:21;323;-33.0081983333333;-68.6320916666667;671.2;2026-07-13T19:52:43Z;frames/frame_000321.jpg
323;00:05:23;-1;322;00:05:22;324;-33.0082216666667;-68.6320266666667;671.2;2026-07-13T19:52:44Z;frames/frame_000322.jpg
324;00:05:24;-1;323;00:05:23;325;-33.0082466666667;-68.6319616666667;671.2;2026-07-13T19:52:45Z;frames/frame_000323.jpg
325;00:05:25;-1;324;00:05:24;326;-33.00827;-68.631895;671;2026-07-13T19:52:46Z;frames/frame_000324.jpg
326;00:05:26;-1;325;00:05:25;327;-33.0082933333333;-68.6318283333333;670.9;2026-07-13T19:52:47Z;frames/frame_000325.jpg
327;00:05:27;-1;326;00:05:26;328;-33.0083183333333;-68.6317616666667;671;2026-07-13T19:52:48Z;frames/frame_000326.jpg
328;00:05:28;-1;327;00:05:27;329;-33.0083416666667;-68.6316933333333;670.9;2026-07-13T19:52:49Z;frames/frame_000327.jpg
329;00:05:29;-1;328;00:05:28;330;-33.008365;-68.6316283333333;670.9;2026-07-13T19:52:50Z;frames/frame_000328.jpg
330;00:05:30;-1;329;00:05:29;331;-33.0083866666667;-68.6315633333333;670.8;2026-07-13T19:52:51Z;frames/frame_000329.jpg
331;00:05:31;-1;330;00:05:30;332;-33.0084083333333;-68.6314966666666;670.6;2026-07-13T19:52:52Z;frames/frame_000330.jpg
332;00:05:32;-1;331;00:05:31;333;-33.00843;-68.63143;670.6;2026-07-13T19:52:53Z;frames/frame_000331.jpg
333;00:05:33;-1;332;00:05:32;334;-33.0084533333333;-68.6313633333333;670.5;2026-07-13T19:52:54Z;frames/frame_000332.jpg
334;00:05:34;-1;333;00:05:33;335;-33.0084766666667;-68.6313;670.3;2026-07-13T19:52:55Z;frames/frame_000333.jpg
335;00:05:35;-1;334;00:05:34;336;-33.0084983333333;-68.6312333333333;670.2;2026-07-13T19:52:56Z;frames/frame_000334.jpg
336;00:05:36;-1;335;00:05:35;337;-33.0085233333333;-68.6311666666667;670.4;2026-07-13T19:52:57Z;frames/frame_000335.jpg
337;00:05:37;-1;336;00:05:36;338;-33.008545;-68.6311;670.4;2026-07-13T19:52:58Z;frames/frame_000336.jpg
338;00:05:38;-1;337;00:05:37;339;-33.00857;-68.6310316666667;670.6;2026-07-13T19:52:59Z;frames/frame_000337.jpg
339;00:05:39;-1;338;00:05:38;340;-33.008595;-68.630965;670.7;2026-07-13T19:53:00Z;frames/frame_000338.jpg
340;00:05:40;-1;339;00:05:39;341;-33.00862;-68.6308966666667;671;2026-07-13T19:53:01Z;frames/frame_000339.jpg
341;00:05:41;-1;340;00:05:40;342;-33.0086416666667;-68.63083;670.9;2026-07-13T19:53:02Z;frames/frame_000340.jpg
342;00:05:42;-1;341;00:05:41;343;-33.0086666666667;-68.6307616666667;671.1;2026-07-13T19:53:03Z;frames/frame_000341.jpg
343;00:05:43;-1;342;00:05:42;344;-33.00869;-68.6306933333333;671.1;2026-07-13T19:53:04Z;frames/frame_000342.jpg
344;00:05:44;-1;343;00:05:43;345;-33.008715;-68.630625;671;2026-07-13T19:53:05Z;frames/frame_000343.jpg
345;00:05:45;-1;344;00:05:44;346;-33.0087383333333;-68.6305566666667;670.8;2026-07-13T19:53:06Z;frames/frame_000344.jpg
346;00:05:46;-1;345;00:05:45;347;-33.00876;-68.6304883333333;670.9;2026-07-13T19:53:07Z;frames/frame_000345.jpg
347;00:05:47;-1;346;00:05:46;348;-33.0087833333333;-68.6304183333333;671.1;2026-07-13T19:53:08Z;frames/frame_000346.jpg
348;00:05:48;-1;347;00:05:47;349;-33.0088083333333;-68.6303483333333;671.4;2026-07-13T19:53:09Z;frames/frame_000347.jpg
349;00:05:49;-1;348;00:05:48;350;-33.0088333333333;-68.63028;671.4;2026-07-13T19:53:10Z;frames/frame_000348.jpg
350;00:05:50;-1;349;00:05:49;351;-33.00886;-68.63021;671.1;2026-07-13T19:53:11Z;frames/frame_000349.jpg
351;00:05:51;-1;350;00:05:50;352;-33.0088866666667;-68.63014;671.2;2026-07-13T19:53:12Z;frames/frame_000350.jpg
352;00:05:52;-1;351;00:05:51;353;-33.0089133333333;-68.63007;671.1;2026-07-13T19:53:13Z;frames/frame_000351.jpg
353;00:05:53;-1;352;00:05:52;354;-33.00894;-68.63;670.8;2026-07-13T19:53:14Z;frames/frame_000352.jpg
354;00:05:54;-1;353;00:05:53;355;-33.008965;-68.6299316666667;670.7;2026-07-13T19:53:15Z;frames/frame_000353.jpg
355;00:05:55;-1;354;00:05:54;356;-33.0089883333333;-68.629865;670.6;2026-07-13T19:53:16Z;frames/frame_000354.jpg
356;00:05:56;-1;355;00:05:55;357;-33.0090116666667;-68.6298;670.6;2026-07-13T19:53:17Z;frames/frame_000355.jpg
357;00:05:57;-1;356;00:05:56;358;-33.0090333333333;-68.6297366666667;670.5;2026-07-13T19:53:18Z;frames/frame_000356.jpg
358;00:05:58;-1;357;00:05:57;359;-33.0090566666667;-68.6296716666667;670.6;2026-07-13T19:53:19Z;frames/frame_000357.jpg
359;00:05:59;-1;358;00:05:58;360;-33.00908;-68.6296083333333;670.7;2026-07-13T19:53:20Z;frames/frame_000358.jpg
360;00:06:00;-1;359;00:05:59;361;-33.0091016666667;-68.629545;670.9;2026-07-13T19:53:21Z;frames/frame_000359.jpg
361;00:06:01;-1;360;00:06:00;362;-33.0091233333333;-68.6294816666667;670.9;2026-07-13T19:53:22Z;frames/frame_000360.jpg
362;00:06:02;-1;361;00:06:01;363;-33.0091466666667;-68.6294166666667;671;2026-07-13T19:53:23Z;frames/frame_000361.jpg
363;00:06:03;-1;362;00:06:02;364;-33.00917;-68.6293533333333;671.1;2026-07-13T19:53:24Z;frames/frame_000362.jpg
364;00:06:04;-1;363;00:06:03;365;-33.0091933333333;-68.62929;671.2;2026-07-13T19:53:25Z;frames/frame_000363.jpg
365;00:06:05;-1;364;00:06:04;366;-33.0092166666667;-68.6292266666667;671.2;2026-07-13T19:53:26Z;frames/frame_000364.jpg
366;00:06:06;-1;365;00:06:05;367;-33.0092383333333;-68.6291633333333;671.2;2026-07-13T19:53:27Z;frames/frame_000365.jpg
367;00:06:07;-1;366;00:06:06;368;-33.0092616666667;-68.6291;671.2;2026-07-13T19:53:28Z;frames/frame_000366.jpg
368;00:06:08;-1;367;00:06:07;369;-33.0092816666667;-68.6290383333333;671.2;2026-07-13T19:53:29Z;frames/frame_000367.jpg
369;00:06:09;-1;368;00:06:08;370;-33.009305;-68.6289766666667;671.3;2026-07-13T19:53:30Z;frames/frame_000368.jpg
370;00:06:10;-1;369;00:06:09;371;-33.0093266666667;-68.628915;671.3;2026-07-13T19:53:31Z;frames/frame_000369.jpg
371;00:06:11;-1;370;00:06:10;372;-33.0093483333333;-68.6288533333333;671.4;2026-07-13T19:53:32Z;frames/frame_000370.jpg
372;00:06:12;-1;371;00:06:11;373;-33.0093716666667;-68.62879;671.6;2026-07-13T19:53:33Z;frames/frame_000371.jpg
373;00:06:13;-1;372;00:06:12;374;-33.0093966666667;-68.628725;671.7;2026-07-13T19:53:34Z;frames/frame_000372.jpg
374;00:06:14;-1;373;00:06:13;375;-33.0094216666667;-68.62866;671.8;2026-07-13T19:53:35Z;frames/frame_000373.jpg
375;00:06:15;-1;374;00:06:14;376;-33.009445;-68.628595;672;2026-07-13T19:53:36Z;frames/frame_000374.jpg
376;00:06:16;-1;375;00:06:15;377;-33.00947;-68.62853;672.1;2026-07-13T19:53:37Z;frames/frame_000375.jpg
377;00:06:17;-1;376;00:06:16;378;-33.009495;-68.628465;672.4;2026-07-13T19:53:38Z;frames/frame_000376.jpg
378;00:06:18;-1;377;00:06:17;379;-33.0095183333333;-68.6283966666667;672.6;2026-07-13T19:53:39Z;frames/frame_000377.jpg
379;00:06:19;-1;378;00:06:18;380;-33.0095416666667;-68.62833;672.8;2026-07-13T19:53:40Z;frames/frame_000378.jpg
380;00:06:20;-1;379;00:06:19;381;-33.0095666666667;-68.6282616666667;673.2;2026-07-13T19:53:41Z;frames/frame_000379.jpg
381;00:06:21;-1;380;00:06:20;382;-33.0095916666667;-68.6281933333333;673.6;2026-07-13T19:53:42Z;frames/frame_000380.jpg
382;00:06:22;-1;381;00:06:21;383;-33.0096166666667;-68.628125;673.6;2026-07-13T19:53:43Z;frames/frame_000381.jpg
383;00:06:23;-1;382;00:06:22;384;-33.0096416666667;-68.628055;673.7;2026-07-13T19:53:44Z;frames/frame_000382.jpg
384;00:06:24;-1;383;00:06:23;385;-33.00967;-68.6279866666667;673.7;2026-07-13T19:53:45Z;frames/frame_000383.jpg
385;00:06:25;-1;384;00:06:24;386;-33.0096933333333;-68.62792;673.8;2026-07-13T19:53:46Z;frames/frame_000384.jpg
386;00:06:26;-1;385;00:06:25;387;-33.0097183333333;-68.6278533333333;673.8;2026-07-13T19:53:47Z;frames/frame_000385.jpg
387;00:06:27;-1;386;00:06:26;388;-33.0097416666667;-68.627785;673.3;2026-07-13T19:53:48Z;frames/frame_000386.jpg
388;00:06:28;-1;387;00:06:27;389;-33.009765;-68.6277216666667;672.9;2026-07-13T19:53:49Z;frames/frame_000387.jpg
389;00:06:29;-1;388;00:06:28;390;-33.0097866666667;-68.627655;673.1;2026-07-13T19:53:50Z;frames/frame_000388.jpg
390;00:06:30;-1;389;00:06:29;391;-33.0098116666667;-68.62759;673;2026-07-13T19:53:51Z;frames/frame_000389.jpg
391;00:06:31;-1;390;00:06:30;392;-33.009835;-68.6275216666667;672.5;2026-07-13T19:53:52Z;frames/frame_000390.jpg
392;00:06:32;-1;391;00:06:31;393;-33.00986;-68.627455;672.2;2026-07-13T19:53:53Z;frames/frame_000391.jpg
393;00:06:33;-1;392;00:06:32;394;-33.0098833333333;-68.6273883333333;672.1;2026-07-13T19:53:54Z;frames/frame_000392.jpg
394;00:06:34;-1;393;00:06:33;395;-33.009905;-68.6273233333333;671.7;2026-07-13T19:53:55Z;frames/frame_000393.jpg
395;00:06:35;-1;394;00:06:34;396;-33.0099283333333;-68.6272583333333;671.3;2026-07-13T19:53:56Z;frames/frame_000394.jpg
396;00:06:36;-1;395;00:06:35;397;-33.0099516666667;-68.6271916666667;671;2026-07-13T19:53:57Z;frames/frame_000395.jpg
397;00:06:37;-1;396;00:06:36;398;-33.009975;-68.6271233333333;670.7;2026-07-13T19:53:58Z;frames/frame_000396.jpg
398;00:06:38;-1;397;00:06:37;399;-33.0099983333333;-68.627055;670.5;2026-07-13T19:53:59Z;frames/frame_000397.jpg
399;00:06:39;-1;398;00:06:38;400;-33.0100233333333;-68.626985;670.1;2026-07-13T19:54:00Z;frames/frame_000398.jpg
400;00:06:40;-1;399;00:06:39;401;-33.0100483333333;-68.6269133333333;669.9;2026-07-13T19:54:01Z;frames/frame_000399.jpg
401;00:06:41;-1;400;00:06:40;402;-33.0100733333333;-68.6268433333333;669.9;2026-07-13T19:54:02Z;frames/frame_000400.jpg
402;00:06:42;-1;401;00:06:41;403;-33.0100983333333;-68.6267716666667;669.7;2026-07-13T19:54:03Z;frames/frame_000401.jpg
403;00:06:43;-1;402;00:06:42;404;-33.0101233333333;-68.6266983333333;669.4;2026-07-13T19:54:04Z;frames/frame_000402.jpg
404;00:06:44;-1;403;00:06:43;405;-33.01015;-68.626625;669.2;2026-07-13T19:54:05Z;frames/frame_000403.jpg
405;00:06:45;-1;404;00:06:44;406;-33.010175;-68.62655;668.9;2026-07-13T19:54:06Z;frames/frame_000404.jpg
406;00:06:46;-1;405;00:06:45;407;-33.0102016666667;-68.6264716666667;668.8;2026-07-13T19:54:07Z;frames/frame_000405.jpg
407;00:06:47;-1;406;00:06:46;408;-33.01023;-68.6263933333333;668.8;2026-07-13T19:54:08Z;frames/frame_000406.jpg
408;00:06:48;-1;407;00:06:47;409;-33.0102566666667;-68.626315;669;2026-07-13T19:54:09Z;frames/frame_000407.jpg
409;00:06:49;-1;408;00:06:48;410;-33.010285;-68.62624;669.1;2026-07-13T19:54:10Z;frames/frame_000408.jpg
410;00:06:50;-1;409;00:06:49;411;-33.01031;-68.6261683333333;669.2;2026-07-13T19:54:11Z;frames/frame_000409.jpg
411;00:06:51;-1;410;00:06:50;412;-33.0103366666667;-68.6260983333333;669.2;2026-07-13T19:54:12Z;frames/frame_000410.jpg
412;00:06:52;-1;411;00:06:51;413;-33.0103616666667;-68.6260283333333;669.2;2026-07-13T19:54:13Z;frames/frame_000411.jpg
413;00:06:53;-1;412;00:06:52;414;-33.0103866666667;-68.62596;669.4;2026-07-13T19:54:14Z;frames/frame_000412.jpg
414;00:06:54;-1;413;00:06:53;415;-33.0104116666667;-68.62589;669.6;2026-07-13T19:54:15Z;frames/frame_000413.jpg
415;00:06:55;-1;414;00:06:54;416;-33.0104383333333;-68.62582;669.6;2026-07-13T19:54:16Z;frames/frame_000414.jpg
416;00:06:56;-1;415;00:06:55;417;-33.0104633333333;-68.6257483333333;669.7;2026-07-13T19:54:17Z;frames/frame_000415.jpg
417;00:06:57;-1;416;00:06:56;418;-33.0104883333333;-68.6256783333333;669.8;2026-07-13T19:54:18Z;frames/frame_000416.jpg
418;00:06:58;-1;417;00:06:57;419;-33.0105133333333;-68.6256083333333;669.6;2026-07-13T19:54:19Z;frames/frame_000417.jpg
419;00:06:59;-1;418;00:06:58;420;-33.0105383333333;-68.6255383333333;669.5;2026-07-13T19:54:20Z;frames/frame_000418.jpg
420;00:07:00;-1;419;00:06:59;421;-33.0105633333333;-68.6254683333333;669.4;2026-07-13T19:54:21Z;frames/frame_000419.jpg
421;00:07:01;-1;420;00:07:00;422;-33.01059;-68.6253966666667;669.5;2026-07-13T19:54:22Z;frames/frame_000420.jpg
422;00:07:02;-1;421;00:07:01;423;-33.0106166666667;-68.625325;669.5;2026-07-13T19:54:23Z;frames/frame_000421.jpg
423;00:07:03;-1;422;00:07:02;424;-33.0106433333333;-68.6252566666667;669.7;2026-07-13T19:54:24Z;frames/frame_000422.jpg
424;00:07:04;-1;423;00:07:03;425;-33.01067;-68.625185;669.5;2026-07-13T19:54:25Z;frames/frame_000423.jpg
425;00:07:05;-1;424;00:07:04;426;-33.0106933333333;-68.6251116666667;669.5;2026-07-13T19:54:26Z;frames/frame_000424.jpg
426;00:07:06;-1;425;00:07:05;427;-33.0107183333333;-68.62504;669.5;2026-07-13T19:54:27Z;frames/frame_000425.jpg
427;00:07:07;-1;426;00:07:06;428;-33.0107416666667;-68.6249683333333;669.3;2026-07-13T19:54:28Z;frames/frame_000426.jpg
428;00:07:08;-1;427;00:07:07;429;-33.0107666666667;-68.6248983333333;669.3;2026-07-13T19:54:29Z;frames/frame_000427.jpg
429;00:07:09;-1;428;00:07:08;430;-33.0107916666667;-68.62483;669.3;2026-07-13T19:54:30Z;frames/frame_000428.jpg
430;00:07:10;-1;429;00:07:09;431;-33.0108166666667;-68.6247583333333;669.2;2026-07-13T19:54:31Z;frames/frame_000429.jpg
431;00:07:11;-1;430;00:07:10;432;-33.0108416666667;-68.6246866666667;669;2026-07-13T19:54:32Z;frames/frame_000430.jpg
432;00:07:12;-1;431;00:07:11;433;-33.0108666666667;-68.624615;668.9;2026-07-13T19:54:33Z;frames/frame_000431.jpg
433;00:07:13;-1;432;00:07:12;434;-33.0108916666667;-68.62454;668.6;2026-07-13T19:54:34Z;frames/frame_000432.jpg
434;00:07:14;-1;433;00:07:13;435;-33.0109183333333;-68.6244666666667;668.4;2026-07-13T19:54:35Z;frames/frame_000433.jpg
435;00:07:15;-1;434;00:07:14;436;-33.010945;-68.6243916666667;668.3;2026-07-13T19:54:36Z;frames/frame_000434.jpg
436;00:07:16;-1;435;00:07:15;437;-33.0109716666667;-68.624315;669;2026-07-13T19:54:37Z;frames/frame_000435.jpg
437;00:07:17;-1;436;00:07:16;438;-33.011;-68.6242366666667;669;2026-07-13T19:54:38Z;frames/frame_000436.jpg
438;00:07:18;-1;437;00:07:17;439;-33.0110266666667;-68.6241566666667;668.9;2026-07-13T19:54:39Z;frames/frame_000437.jpg
439;00:07:19;-1;438;00:07:18;440;-33.0110566666667;-68.6240783333333;668.7;2026-07-13T19:54:40Z;frames/frame_000438.jpg
440;00:07:20;-1;439;00:07:19;441;-33.0110866666667;-68.6239983333333;668.5;2026-07-13T19:54:41Z;frames/frame_000439.jpg
441;00:07:21;-1;440;00:07:20;442;-33.0111166666667;-68.6239183333333;668.4;2026-07-13T19:54:42Z;frames/frame_000440.jpg
442;00:07:22;-1;441;00:07:21;443;-33.011145;-68.6238383333333;668.4;2026-07-13T19:54:43Z;frames/frame_000441.jpg
443;00:07:23;-1;442;00:07:22;444;-33.0111733333333;-68.6237583333333;668.3;2026-07-13T19:54:44Z;frames/frame_000442.jpg
444;00:07:24;-1;443;00:07:23;445;-33.0112033333333;-68.6236766666667;668;2026-07-13T19:54:45Z;frames/frame_000443.jpg
445;00:07:25;-1;444;00:07:24;446;-33.0112333333333;-68.623595;667.9;2026-07-13T19:54:46Z;frames/frame_000444.jpg
446;00:07:26;-1;445;00:07:25;447;-33.0112633333333;-68.6235133333333;667.9;2026-07-13T19:54:47Z;frames/frame_000445.jpg
447;00:07:27;-1;446;00:07:26;448;-33.0112933333333;-68.6234316666667;667.8;2026-07-13T19:54:48Z;frames/frame_000446.jpg
448;00:07:28;-1;447;00:07:27;449;-33.011325;-68.6233533333333;667.7;2026-07-13T19:54:49Z;frames/frame_000447.jpg
449;00:07:29;-1;448;00:07:28;450;-33.0113533333333;-68.6232783333333;667.3;2026-07-13T19:54:50Z;frames/frame_000448.jpg
450;00:07:30;-1;449;00:07:29;451;-33.0113816666667;-68.623205;667.2;2026-07-13T19:54:51Z;frames/frame_000449.jpg
451;00:07:31;-1;450;00:07:30;452;-33.0114083333333;-68.6231333333333;667;2026-07-13T19:54:52Z;frames/frame_000450.jpg
452;00:07:32;-1;451;00:07:31;453;-33.01143;-68.6230683333333;666.8;2026-07-13T19:54:53Z;frames/frame_000451.jpg
453;00:07:33;-1;452;00:07:32;454;-33.01145;-68.623005;666.6;2026-07-13T19:54:54Z;frames/frame_000452.jpg
454;00:07:34;-1;453;00:07:33;455;-33.0114733333333;-68.62294;666.1;2026-07-13T19:54:55Z;frames/frame_000453.jpg
455;00:07:35;-1;454;00:07:34;456;-33.011495;-68.6228783333333;665.5;2026-07-13T19:54:56Z;frames/frame_000454.jpg
456;00:07:36;-1;455;00:07:35;457;-33.0115183333333;-68.6228166666667;665;2026-07-13T19:54:57Z;frames/frame_000455.jpg
457;00:07:37;-1;456;00:07:36;458;-33.01154;-68.6227533333333;664.7;2026-07-13T19:54:58Z;frames/frame_000456.jpg
458;00:07:38;-1;457;00:07:37;459;-33.01156;-68.6226883333333;664.7;2026-07-13T19:54:59Z;frames/frame_000457.jpg
459;00:07:39;-1;458;00:07:38;460;-33.01158;-68.6226216666667;664.6;2026-07-13T19:55:00Z;frames/frame_000458.jpg
460;00:07:40;-1;459;00:07:39;461;-33.0115983333333;-68.6225533333333;664.5;2026-07-13T19:55:01Z;frames/frame_000459.jpg
461;00:07:41;-1;460;00:07:40;462;-33.011615;-68.6224866666667;664.4;2026-07-13T19:55:02Z;frames/frame_000460.jpg
462;00:07:42;-1;461;00:07:41;463;-33.011635;-68.6224166666667;664.3;2026-07-13T19:55:03Z;frames/frame_000461.jpg
463;00:07:43;-1;462;00:07:42;464;-33.0116566666667;-68.6223433333333;664.5;2026-07-13T19:55:04Z;frames/frame_000462.jpg
464;00:07:44;-1;463;00:07:43;465;-33.0116833333333;-68.6222683333333;664.7;2026-07-13T19:55:05Z;frames/frame_000463.jpg
465;00:07:45;-1;464;00:07:44;466;-33.0117116666667;-68.62218;664.7;2026-07-13T19:55:06Z;frames/frame_000464.jpg
466;00:07:46;-1;465;00:07:45;467;-33.011745;-68.622085;664.6;2026-07-13T19:55:07Z;frames/frame_000465.jpg
467;00:07:47;-1;466;00:07:46;468;-33.0117816666667;-68.6219816666667;664.7;2026-07-13T19:55:08Z;frames/frame_000466.jpg
468;00:07:48;-1;467;00:07:47;469;-33.01182;-68.621875;664.8;2026-07-13T19:55:09Z;frames/frame_000467.jpg
469;00:07:49;-1;468;00:07:48;470;-33.0118616666667;-68.6217616666667;664.7;2026-07-13T19:55:10Z;frames/frame_000468.jpg
470;00:07:50;-1;469;00:07:49;471;-33.0119033333333;-68.6216433333333;664.7;2026-07-13T19:55:11Z;frames/frame_000469.jpg
471;00:07:51;-1;470;00:07:50;472;-33.0119466666667;-68.62152;664.6;2026-07-13T19:55:12Z;frames/frame_000470.jpg
472;00:07:52;-1;471;00:07:51;473;-33.0119916666667;-68.6213966666667;664.5;2026-07-13T19:55:13Z;frames/frame_000471.jpg
473;00:07:53;-1;472;00:07:52;474;-33.0120366666667;-68.62127;664.3;2026-07-13T19:55:14Z;frames/frame_000472.jpg
474;00:07:54;-1;473;00:07:53;475;-33.01208;-68.6211433333333;664.2;2026-07-13T19:55:15Z;frames/frame_000473.jpg
475;00:07:55;-1;474;00:07:54;476;-33.012125;-68.621015;664.1;2026-07-13T19:55:16Z;frames/frame_000474.jpg
476;00:07:56;-1;475;00:07:55;477;-33.01217;-68.6208883333333;663.7;2026-07-13T19:55:17Z;frames/frame_000475.jpg
477;00:07:57;-1;476;00:07:56;478;-33.0122183333333;-68.6207583333333;663.9;2026-07-13T19:55:18Z;frames/frame_000476.jpg
478;00:07:58;-1;477;00:07:57;479;-33.0122666666667;-68.6206266666667;664.3;2026-07-13T19:55:19Z;frames/frame_000477.jpg
479;00:07:59;-1;478;00:07:58;480;-33.012315;-68.620495;664;2026-07-13T19:55:20Z;frames/frame_000478.jpg
480;00:08:00;-1;479;00:07:59;481;-33.0123633333333;-68.6203633333333;664.2;2026-07-13T19:55:21Z;frames/frame_000479.jpg
481;00:08:01;-1;480;00:08:00;482;-33.01241;-68.6202316666667;664.4;2026-07-13T19:55:22Z;frames/frame_000480.jpg
482;00:08:02;-1;481;00:08:01;483;-33.0124583333333;-68.6201;664.7;2026-07-13T19:55:23Z;frames/frame_000481.jpg
483;00:08:03;-1;482;00:08:02;484;-33.012505;-68.6199683333333;664.9;2026-07-13T19:55:24Z;frames/frame_000482.jpg
484;00:08:04;-1;483;00:08:03;485;-33.0125516666667;-68.619835;665;2026-07-13T19:55:25Z;frames/frame_000483.jpg
485;00:08:05;-1;484;00:08:04;486;-33.0126;-68.6197;665.2;2026-07-13T19:55:26Z;frames/frame_000484.jpg
486;00:08:06;-1;485;00:08:05;487;-33.0126483333333;-68.619565;665.3;2026-07-13T19:55:27Z;frames/frame_000485.jpg
487;00:08:07;-1;486;00:08:06;488;-33.0126966666667;-68.6194316666667;665.5;2026-07-13T19:55:28Z;frames/frame_000486.jpg
488;00:08:08;-1;487;00:08:07;489;-33.012745;-68.6192966666667;665.6;2026-07-13T19:55:29Z;frames/frame_000487.jpg
489;00:08:09;-1;488;00:08:08;490;-33.012795;-68.6191616666667;665.8;2026-07-13T19:55:30Z;frames/frame_000488.jpg
490;00:08:10;-1;489;00:08:09;491;-33.0128433333333;-68.619025;665.9;2026-07-13T19:55:31Z;frames/frame_000489.jpg
491;00:08:11;-1;490;00:08:10;492;-33.0128916666667;-68.6188883333333;666;2026-07-13T19:55:32Z;frames/frame_000490.jpg
492;00:08:12;-1;491;00:08:11;493;-33.0129433333333;-68.6187483333333;665.6;2026-07-13T19:55:33Z;frames/frame_000491.jpg
493;00:08:13;-1;492;00:08:12;494;-33.0129916666667;-68.6186116666667;665.8;2026-07-13T19:55:34Z;frames/frame_000492.jpg
494;00:08:14;-1;493;00:08:13;495;-33.0130416666667;-68.6184716666667;666.1;2026-07-13T19:55:35Z;frames/frame_000493.jpg
495;00:08:15;-1;494;00:08:14;496;-33.0130916666667;-68.6183316666667;666.3;2026-07-13T19:55:36Z;frames/frame_000494.jpg
496;00:08:16;-1;495;00:08:15;497;-33.0131433333333;-68.6181916666667;666.6;2026-07-13T19:55:37Z;frames/frame_000495.jpg
497;00:08:17;-1;496;00:08:16;498;-33.0131983333333;-68.6180483333333;666.6;2026-07-13T19:55:38Z;frames/frame_000496.jpg
498;00:08:18;-1;497;00:08:17;499;-33.0132516666667;-68.6179066666667;666.7;2026-07-13T19:55:39Z;frames/frame_000497.jpg
499;00:08:19;-1;498;00:08:18;500;-33.0133033333333;-68.617765;666.4;2026-07-13T19:55:40Z;frames/frame_000498.jpg
500;00:08:20;-1;499;00:08:19;501;-33.013355;-68.6176216666667;666.4;2026-07-13T19:55:41Z;frames/frame_000499.jpg
501;00:08:21;-1;500;00:08:20;502;-33.0134066666667;-68.61748;666.6;2026-07-13T19:55:42Z;frames/frame_000500.jpg
502;00:08:22;-1;501;00:08:21;503;-33.0134583333333;-68.6173366666667;666.9;2026-07-13T19:55:43Z;frames/frame_000501.jpg
503;00:08:23;-1;502;00:08:22;504;-33.0135116666667;-68.6171916666667;666.7;2026-07-13T19:55:44Z;frames/frame_000502.jpg
504;00:08:24;-1;503;00:08:23;505;-33.0135616666667;-68.6170466666667;666.7;2026-07-13T19:55:45Z;frames/frame_000503.jpg
505;00:08:25;-1;504;00:08:24;506;-33.0136133333333;-68.6169016666667;666.5;2026-07-13T19:55:46Z;frames/frame_000504.jpg
506;00:08:26;-1;505;00:08:25;507;-33.0136666666667;-68.6167566666667;666.2;2026-07-13T19:55:47Z;frames/frame_000505.jpg
507;00:08:27;-1;506;00:08:26;508;-33.01372;-68.6166133333333;665.9;2026-07-13T19:55:48Z;frames/frame_000506.jpg
508;00:08:28;-1;507;00:08:27;509;-33.01377;-68.6164716666667;666.1;2026-07-13T19:55:49Z;frames/frame_000507.jpg
509;00:08:29;-1;508;00:08:28;510;-33.01382;-68.6163316666667;665.7;2026-07-13T19:55:50Z;frames/frame_000508.jpg
510;00:08:30;-1;509;00:08:29;511;-33.01387;-68.6161916666667;665.5;2026-07-13T19:55:51Z;frames/frame_000509.jpg
511;00:08:31;-1;510;00:08:30;512;-33.01392;-68.6160533333333;665.3;2026-07-13T19:55:52Z;frames/frame_000510.jpg
512;00:08:32;-1;511;00:08:31;513;-33.0139666666667;-68.6159183333333;665.4;2026-07-13T19:55:53Z;frames/frame_000511.jpg
513;00:08:33;-1;512;00:08:32;514;-33.014015;-68.615785;665.3;2026-07-13T19:55:54Z;frames/frame_000512.jpg
514;00:08:34;-1;513;00:08:33;515;-33.0140616666667;-68.6156516666667;665.5;2026-07-13T19:55:55Z;frames/frame_000513.jpg
515;00:08:35;-1;514;00:08:34;516;-33.01411;-68.61552;665.2;2026-07-13T19:55:56Z;frames/frame_000514.jpg
516;00:08:36;-1;515;00:08:35;517;-33.0141566666667;-68.6153883333333;665;2026-07-13T19:55:57Z;frames/frame_000515.jpg
517;00:08:37;-1;516;00:08:36;518;-33.0142016666667;-68.61526;665.1;2026-07-13T19:55:58Z;frames/frame_000516.jpg
518;00:08:38;-1;517;00:08:37;519;-33.0142483333333;-68.6151333333333;664.7;2026-07-13T19:55:59Z;frames/frame_000517.jpg
519;00:08:39;-1;518;00:08:38;520;-33.0142933333333;-68.6150083333333;664.3;2026-07-13T19:56:00Z;frames/frame_000518.jpg
520;00:08:40;-1;519;00:08:39;521;-33.0143383333333;-68.6148833333333;664;2026-07-13T19:56:01Z;frames/frame_000519.jpg
521;00:08:41;-1;520;00:08:40;522;-33.0143833333333;-68.6147583333333;663.5;2026-07-13T19:56:02Z;frames/frame_000520.jpg
522;00:08:42;-1;521;00:08:41;523;-33.0144266666667;-68.6146316666667;663.2;2026-07-13T19:56:03Z;frames/frame_000521.jpg
523;00:08:43;-1;522;00:08:42;524;-33.01447;-68.614505;662.8;2026-07-13T19:56:04Z;frames/frame_000522.jpg
524;00:08:44;-1;523;00:08:43;525;-33.014515;-68.6143783333333;662.4;2026-07-13T19:56:05Z;frames/frame_000523.jpg
525;00:08:45;-1;524;00:08:44;526;-33.0145616666667;-68.61425;661.9;2026-07-13T19:56:06Z;frames/frame_000524.jpg
526;00:08:46;-1;525;00:08:45;527;-33.0146083333333;-68.6141183333333;661;2026-07-13T19:56:07Z;frames/frame_000525.jpg
527;00:08:47;-1;526;00:08:46;528;-33.014655;-68.6139833333333;660.6;2026-07-13T19:56:08Z;frames/frame_000526.jpg
528;00:08:48;-1;527;00:08:47;529;-33.0147033333333;-68.613845;660.5;2026-07-13T19:56:09Z;frames/frame_000527.jpg
529;00:08:49;-1;528;00:08:48;530;-33.0147516666667;-68.6137033333333;660.4;2026-07-13T19:56:10Z;frames/frame_000528.jpg
530;00:08:50;-1;529;00:08:49;531;-33.0148066666667;-68.6135616666667;659.6;2026-07-13T19:56:11Z;frames/frame_000529.jpg
531;00:08:51;-1;530;00:08:50;532;-33.0148633333333;-68.6134166666667;659.8;2026-07-13T19:56:12Z;frames/frame_000530.jpg
532;00:08:52;-1;531;00:08:51;533;-33.0149166666667;-68.613275;659.8;2026-07-13T19:56:13Z;frames/frame_000531.jpg
533;00:08:53;-1;532;00:08:52;534;-33.0149683333333;-68.6131333333333;660;2026-07-13T19:56:14Z;frames/frame_000532.jpg
534;00:08:54;-1;533;00:08:53;535;-33.01502;-68.6129933333333;659.8;2026-07-13T19:56:15Z;frames/frame_000533.jpg
535;00:08:55;-1;534;00:08:54;536;-33.0150716666667;-68.6128533333333;659.8;2026-07-13T19:56:16Z;frames/frame_000534.jpg
536;00:08:56;-1;535;00:08:55;537;-33.0151233333333;-68.6127116666667;659.9;2026-07-13T19:56:17Z;frames/frame_000535.jpg
537;00:08:57;-1;536;00:08:56;538;-33.015175;-68.6125716666667;660.1;2026-07-13T19:56:18Z;frames/frame_000536.jpg
538;00:08:58;-1;537;00:08:57;539;-33.0152283333333;-68.6124283333333;660.5;2026-07-13T19:56:19Z;frames/frame_000537.jpg
539;00:08:59;-1;538;00:08:58;540;-33.0152816666667;-68.6122866666666;660.6;2026-07-13T19:56:20Z;frames/frame_000538.jpg
540;00:09:00;-1;539;00:08:59;541;-33.0153333333333;-68.612145;660.9;2026-07-13T19:56:21Z;frames/frame_000539.jpg
541;00:09:01;-1;540;00:09:00;542;-33.015385;-68.612005;661.1;2026-07-13T19:56:22Z;frames/frame_000540.jpg
542;00:09:02;-1;541;00:09:01;543;-33.0154366666667;-68.6118633333333;661.4;2026-07-13T19:56:23Z;frames/frame_000541.jpg
543;00:09:03;-1;542;00:09:02;544;-33.0154883333333;-68.6117233333333;661.5;2026-07-13T19:56:24Z;frames/frame_000542.jpg
544;00:09:04;-1;543;00:09:03;545;-33.0155383333333;-68.611585;661.4;2026-07-13T19:56:25Z;frames/frame_000543.jpg
545;00:09:05;-1;544;00:09:04;546;-33.0155883333333;-68.6114466666667;661.2;2026-07-13T19:56:26Z;frames/frame_000544.jpg
546;00:09:06;-1;545;00:09:05;547;-33.0156383333333;-68.6113066666667;661.1;2026-07-13T19:56:27Z;frames/frame_000545.jpg
547;00:09:07;-1;546;00:09:06;548;-33.0156883333333;-68.6111666666667;661.1;2026-07-13T19:56:28Z;frames/frame_000546.jpg
548;00:09:08;-1;547;00:09:07;549;-33.0157366666667;-68.6110283333333;661.1;2026-07-13T19:56:29Z;frames/frame_000547.jpg
549;00:09:09;-1;548;00:09:08;550;-33.0157866666667;-68.6108883333333;661.1;2026-07-13T19:56:30Z;frames/frame_000548.jpg
550;00:09:10;-1;549;00:09:09;551;-33.015835;-68.6107483333333;660.9;2026-07-13T19:56:31Z;frames/frame_000549.jpg
551;00:09:11;-1;550;00:09:10;552;-33.0158833333333;-68.6106083333333;660.8;2026-07-13T19:56:32Z;frames/frame_000550.jpg
552;00:09:12;-1;551;00:09:11;553;-33.015935;-68.6104666666667;660.9;2026-07-13T19:56:33Z;frames/frame_000551.jpg
553;00:09:13;-1;552;00:09:12;554;-33.0159866666667;-68.6103266666667;660.5;2026-07-13T19:56:34Z;frames/frame_000552.jpg
554;00:09:14;-1;553;00:09:13;555;-33.0160366666667;-68.6101866666667;660.1;2026-07-13T19:56:35Z;frames/frame_000553.jpg
555;00:09:15;-1;554;00:09:14;556;-33.0160866666667;-68.6100483333333;659.8;2026-07-13T19:56:36Z;frames/frame_000554.jpg
556;00:09:16;-1;555;00:09:15;557;-33.0161383333333;-68.6099066666667;659.7;2026-07-13T19:56:37Z;frames/frame_000555.jpg
557;00:09:17;-1;556;00:09:16;558;-33.01619;-68.6097666666667;659.7;2026-07-13T19:56:38Z;frames/frame_000556.jpg
558;00:09:18;-1;557;00:09:17;559;-33.0162416666667;-68.609625;659.6;2026-07-13T19:56:39Z;frames/frame_000557.jpg
559;00:09:19;-1;558;00:09:18;560;-33.0162916666667;-68.6094833333333;659.8;2026-07-13T19:56:40Z;frames/frame_000558.jpg
560;00:09:20;-1;559;00:09:19;561;-33.0163433333333;-68.6093416666667;660;2026-07-13T19:56:41Z;frames/frame_000559.jpg
561;00:09:21;-1;560;00:09:20;562;-33.016395;-68.6091983333333;660;2026-07-13T19:56:42Z;frames/frame_000560.jpg
562;00:09:22;-1;561;00:09:21;563;-33.0164466666667;-68.609055;660;2026-07-13T19:56:43Z;frames/frame_000561.jpg
563;00:09:23;-1;562;00:09:22;564;-33.0164983333333;-68.6089116666667;660.2;2026-07-13T19:56:44Z;frames/frame_000562.jpg
564;00:09:24;-1;563;00:09:23;565;-33.0165533333333;-68.6087666666667;660.2;2026-07-13T19:56:45Z;frames/frame_000563.jpg
565;00:09:25;-1;564;00:09:24;566;-33.016605;-68.6086216666667;660.2;2026-07-13T19:56:46Z;frames/frame_000564.jpg
566;00:09:26;-1;565;00:09:25;567;-33.0166583333333;-68.6084766666667;660.6;2026-07-13T19:56:47Z;frames/frame_000565.jpg
567;00:09:27;-1;566;00:09:26;568;-33.0167116666667;-68.6083316666667;660.5;2026-07-13T19:56:48Z;frames/frame_000566.jpg
568;00:09:28;-1;567;00:09:27;569;-33.0167666666667;-68.60819;660.6;2026-07-13T19:56:49Z;frames/frame_000567.jpg
569;00:09:29;-1;568;00:09:28;570;-33.016815;-68.6080533333333;660.8;2026-07-13T19:56:50Z;frames/frame_000568.jpg
570;00:09:30;-1;569;00:09:29;571;-33.016865;-68.60792;660.8;2026-07-13T19:56:51Z;frames/frame_000569.jpg
571;00:09:31;-1;570;00:09:30;572;-33.0169133333333;-68.6077883333333;660.8;2026-07-13T19:56:52Z;frames/frame_000570.jpg
572;00:09:32;-1;571;00:09:31;573;-33.0169616666667;-68.60766;660.5;2026-07-13T19:56:53Z;frames/frame_000571.jpg
573;00:09:33;-1;572;00:09:32;574;-33.0170133333333;-68.6075333333333;660.2;2026-07-13T19:56:54Z;frames/frame_000572.jpg
574;00:09:34;-1;573;00:09:33;575;-33.0170666666667;-68.6074083333333;660.2;2026-07-13T19:56:55Z;frames/frame_000573.jpg
575;00:09:35;-1;574;00:09:34;576;-33.01712;-68.6072883333333;660.1;2026-07-13T19:56:56Z;frames/frame_000574.jpg
576;00:09:36;-1;575;00:09:35;577;-33.01717;-68.6071716666667;659.9;2026-07-13T19:56:57Z;frames/frame_000575.jpg
577;00:09:37;-1;576;00:09:36;578;-33.01722;-68.607055;659.9;2026-07-13T19:56:58Z;frames/frame_000576.jpg
578;00:09:38;-1;577;00:09:37;579;-33.0172733333333;-68.60694;660.1;2026-07-13T19:56:59Z;frames/frame_000577.jpg
579;00:09:39;-1;578;00:09:38;580;-33.017325;-68.6068266666667;660.5;2026-07-13T19:57:00Z;frames/frame_000578.jpg
580;00:09:40;-1;579;00:09:39;581;-33.017375;-68.6067166666667;660.6;2026-07-13T19:57:01Z;frames/frame_000579.jpg
581;00:09:41;-1;580;00:09:40;582;-33.0174233333333;-68.60661;660.8;2026-07-13T19:57:02Z;frames/frame_000580.jpg
582;00:09:42;-1;581;00:09:41;583;-33.0174716666667;-68.6065033333333;661;2026-07-13T19:57:03Z;frames/frame_000581.jpg
583;00:09:43;-1;582;00:09:42;584;-33.01752;-68.6064;660.7;2026-07-13T19:57:04Z;frames/frame_000582.jpg
584;00:09:44;-1;583;00:09:43;585;-33.01757;-68.6063;660.7;2026-07-13T19:57:05Z;frames/frame_000583.jpg
585;00:09:45;-1;584;00:09:44;586;-33.0176233333333;-68.6062016666667;661;2026-07-13T19:57:06Z;frames/frame_000584.jpg
586;00:09:46;-1;585;00:09:45;587;-33.0176783333333;-68.6061183333334;660.9;2026-07-13T19:57:07Z;frames/frame_000585.jpg
587;00:09:47;-1;586;00:09:46;588;-33.01774;-68.6060466666667;660.7;2026-07-13T19:57:08Z;frames/frame_000586.jpg
588;00:09:48;-1;587;00:09:47;589;-33.01781;-68.605995;660.2;2026-07-13T19:57:09Z;frames/frame_000587.jpg
589;00:09:49;-1;588;00:09:48;590;-33.01788;-68.6059666666667;660;2026-07-13T19:57:10Z;frames/frame_000588.jpg
590;00:09:50;-1;589;00:09:49;591;-33.0179483333333;-68.6059583333333;659.6;2026-07-13T19:57:11Z;frames/frame_000589.jpg
591;00:09:51;-1;590;00:09:50;592;-33.0180166666667;-68.6059483333333;660.1;2026-07-13T19:57:12Z;frames/frame_000590.jpg
592;00:09:52;-1;591;00:09:51;593;-33.01808;-68.6059233333334;660.3;2026-07-13T19:57:13Z;frames/frame_000591.jpg
593;00:09:53;-1;592;00:09:52;594;-33.0181366666667;-68.6058883333333;659.8;2026-07-13T19:57:14Z;frames/frame_000592.jpg
594;00:09:54;-1;593;00:09:53;595;-33.01819;-68.6058383333333;659.1;2026-07-13T19:57:15Z;frames/frame_000593.jpg
595;00:09:55;-1;594;00:09:54;596;-33.0182366666667;-68.605775;658.7;2026-07-13T19:57:16Z;frames/frame_000594.jpg
596;00:09:56;-1;595;00:09:55;597;-33.0182833333333;-68.605705;658.6;2026-07-13T19:57:17Z;frames/frame_000595.jpg
597;00:09:57;-1;596;00:09:56;598;-33.018335;-68.6056366666667;658.3;2026-07-13T19:57:18Z;frames/frame_000596.jpg
598;00:09:58;-1;597;00:09:57;599;-33.01839;-68.6055733333333;658.1;2026-07-13T19:57:19Z;frames/frame_000597.jpg
599;00:09:59;-1;598;00:09:58;600;-33.0184533333333;-68.6055116666667;658.2;2026-07-13T19:57:20Z;frames/frame_000598.jpg
600;00:10:00;-1;599;00:09:59;601;-33.0185216666667;-68.6054583333333;658.6;2026-07-13T19:57:21Z;frames/frame_000599.jpg
601;00:10:01;-1;600;00:10:00;602;-33.0185933333333;-68.605415;658.6;2026-07-13T19:57:22Z;frames/frame_000600.jpg
602;00:10:02;-1;601;00:10:01;603;-33.0186666666667;-68.6053866666667;658.4;2026-07-13T19:57:23Z;frames/frame_000601.jpg
603;00:10:03;-1;602;00:10:02;604;-33.0187466666667;-68.605365;658.9;2026-07-13T19:57:24Z;frames/frame_000602.jpg
604;00:10:04;-1;603;00:10:03;605;-33.0188233333333;-68.6053533333333;659.4;2026-07-13T19:57:25Z;frames/frame_000603.jpg
605;00:10:05;-1;604;00:10:04;606;-33.0188966666667;-68.6053483333333;659.2;2026-07-13T19:57:26Z;frames/frame_000604.jpg
606;00:10:06;-1;605;00:10:05;607;-33.0189683333333;-68.6053466666667;658.8;2026-07-13T19:57:27Z;frames/frame_000605.jpg
607;00:10:07;-1;606;00:10:06;608;-33.01904;-68.605345;659.4;2026-07-13T19:57:28Z;frames/frame_000606.jpg
608;00:10:08;-1;607;00:10:07;609;-33.019105;-68.605345;659.3;2026-07-13T19:57:29Z;frames/frame_000607.jpg
609;00:10:09;-1;608;00:10:08;610;-33.019165;-68.60534;659;2026-07-13T19:57:30Z;frames/frame_000608.jpg
610;00:10:10;-1;609;00:10:09;611;-33.0192183333333;-68.60532;659.4;2026-07-13T19:57:31Z;frames/frame_000609.jpg
611;00:10:11;-1;610;00:10:10;612;-33.0192616666667;-68.6052883333333;659.4;2026-07-13T19:57:32Z;frames/frame_000610.jpg
612;00:10:12;-1;611;00:10:11;613;-33.0192983333333;-68.6052466666667;659.6;2026-07-13T19:57:33Z;frames/frame_000611.jpg
613;00:10:13;-1;612;00:10:12;614;-33.019325;-68.605205;659.5;2026-07-13T19:57:34Z;frames/frame_000612.jpg
614;00:10:14;-1;613;00:10:13;615;-33.0193416666667;-68.6051666666667;659.7;2026-07-13T19:57:35Z;frames/frame_000613.jpg
615;00:10:15;-1;614;00:10:14;616;-33.0193583333333;-68.6051333333333;659.9;2026-07-13T19:57:36Z;frames/frame_000614.jpg
616;00:10:16;-1;615;00:10:15;617;-33.0193666666667;-68.6051083333333;660;2026-07-13T19:57:37Z;frames/frame_000615.jpg
617;00:10:17;-1;616;00:10:16;618;-33.0193683333333;-68.6050866666667;660.2;2026-07-13T19:57:38Z;frames/frame_000616.jpg
618;00:10:18;-1;617;00:10:17;619;-33.0193716666667;-68.6050683333333;660.4;2026-07-13T19:57:39Z;frames/frame_000617.jpg
619;00:10:19;-1;618;00:10:18;620;-33.0193733333333;-68.6050483333333;660.6;2026-07-13T19:57:40Z;frames/frame_000618.jpg
620;00:10:20;-1;619;00:10:19;621;-33.0193716666667;-68.6050233333333;660.6;2026-07-13T19:57:41Z;frames/frame_000619.jpg
621;00:10:21;-1;620;00:10:20;622;-33.019365;-68.60499;660.6;2026-07-13T19:57:42Z;frames/frame_000620.jpg
622;00:10:22;-1;621;00:10:21;623;-33.01935;-68.6049483333333;660.8;2026-07-13T19:57:43Z;frames/frame_000621.jpg
623;00:10:23;-1;622;00:10:22;624;-33.0193233333333;-68.6049016666667;660.7;2026-07-13T19:57:44Z;frames/frame_000622.jpg
624;00:10:24;-1;623;00:10:23;625;-33.0192866666667;-68.6048566666667;660.9;2026-07-13T19:57:45Z;frames/frame_000623.jpg
625;00:10:25;-1;624;00:10:24;626;-33.01924;-68.60481;661.6;2026-07-13T19:57:46Z;frames/frame_000624.jpg
626;00:10:26;-1;625;00:10:25;627;-33.0191883333333;-68.6047616666667;661.7;2026-07-13T19:57:47Z;frames/frame_000625.jpg
627;00:10:27;-1;626;00:10:26;628;-33.0191316666667;-68.60471;662;2026-07-13T19:57:48Z;frames/frame_000626.jpg
628;00:10:28;-1;627;00:10:27;629;-33.0190716666667;-68.6046566666667;662.4;2026-07-13T19:57:49Z;frames/frame_000627.jpg
629;00:10:29;-1;628;00:10:28;630;-33.0190083333333;-68.6046;662.7;2026-07-13T19:57:50Z;frames/frame_000628.jpg
630;00:10:30;-1;629;00:10:29;631;-33.0189433333333;-68.6045433333334;663;2026-07-13T19:57:51Z;frames/frame_000629.jpg
631;00:10:31;-1;630;00:10:30;632;-33.0188733333333;-68.6044833333333;663.4;2026-07-13T19:57:52Z;frames/frame_000630.jpg
632;00:10:32;-1;631;00:10:31;633;-33.0188033333333;-68.6044233333333;663.6;2026-07-13T19:57:53Z;frames/frame_000631.jpg
633;00:10:33;-1;632;00:10:32;634;-33.0187333333333;-68.604365;663.9;2026-07-13T19:57:54Z;frames/frame_000632.jpg
634;00:10:34;-1;633;00:10:33;635;-33.0186633333333;-68.6043083333333;664.2;2026-07-13T19:57:55Z;frames/frame_000633.jpg
635;00:10:35;-1;634;00:10:34;636;-33.018595;-68.60425;664.5;2026-07-13T19:57:56Z;frames/frame_000634.jpg
636;00:10:36;-1;635;00:10:35;637;-33.0185266666667;-68.6041916666667;664.7;2026-07-13T19:57:57Z;frames/frame_000635.jpg
637;00:10:37;-1;636;00:10:36;638;-33.01846;-68.6041366666667;665;2026-07-13T19:57:58Z;frames/frame_000636.jpg
638;00:10:38;-1;637;00:10:37;639;-33.0183966666667;-68.6040833333333;665.1;2026-07-13T19:57:59Z;frames/frame_000637.jpg
639;00:10:39;-1;638;00:10:38;640;-33.018335;-68.6040283333333;665.4;2026-07-13T19:58:00Z;frames/frame_000638.jpg
640;00:10:40;-1;639;00:10:39;641;-33.01827;-68.6039716666667;665.6;2026-07-13T19:58:01Z;frames/frame_000639.jpg
641;00:10:41;-1;640;00:10:40;642;-33.018205;-68.6039133333333;665.7;2026-07-13T19:58:02Z;frames/frame_000640.jpg
642;00:10:42;-1;641;00:10:41;643;-33.0181366666667;-68.603855;665.7;2026-07-13T19:58:03Z;frames/frame_000641.jpg
